Neuron 1,Neuron 2,Type,Nbr
ADAL,ADAR,EJ,1
ADAL,ADEL,Rp,1
ADAL,ADFL,Rp,1
ADAL,ADFL,EJ,1
ADAL,AIAL,Rp,1
ADAL,AIBL,S,1
ADAL,AIBR,Sp,2
ADAL,ASHL,Rp,1
ADAL,ASHL,EJ,1
ADAL,AVAR,Sp,2
ADAL,AVBL,Sp,4
ADAL,AVBR,Sp,5
ADAL,AVBR,S,2
ADAL,AVDL,Sp,1
ADAL,AVDR,EJ,2
ADAL,AVEL,Sp,1
ADAL,AVJR,Sp,5
ADAL,AWAL,R,1
ADAL,FLPR,Sp,1
ADAL,PVPL,Rp,1
ADAL,PVQL,EJ,1
ADAL,PVR,Rp,1
ADAL,RICL,Sp,1
ADAL,RICL,S,1
ADAL,RICR,Sp,1
ADAL,RIML,Sp,3
ADAL,RIPL,Sp,1
ADAL,RMGL,Rp,1
ADAL,SMDVR,S,2
ADAR,ADAL,EJ,1
ADAR,ADER,Rp,1
ADAR,ADFR,Rp,1
ADAR,ADFR,EJ,1
ADAR,AIAR,Rp,1
ADAR,AIBL,Sp,1
ADAR,AIBR,Sp,1
ADAR,ASHR,Rp,2
ADAR,ASHR,EJ,1
ADAR,AVAL,Sp,1
ADAR,AVBL,Sp,1
ADAR,AVBL,S,1
ADAR,AVBR,Sp,5
ADAR,AVDL,EJ,2
ADAR,AVEL,Sp,1
ADAR,AVJL,Sp,2
ADAR,AVJL,S,1
ADAR,PVQR,EJ,1
ADAR,RICL,Sp,1
ADAR,RICL,Rp,1
ADAR,RICR,Rp,1
ADAR,RIMR,Sp,5
ADAR,RIMR,Rp,1
ADAR,RIPR,Sp,1
ADAR,RIVR,Sp,1
ADAR,RMGR,Rp,1
ADAR,SMDVL,S,2
ADAR,URBR,Rp,1
ADEL,ADAL,Sp,1
ADEL,ADER,Sp,1
ADEL,ADER,Rp,2
ADEL,AINL,EJ,1
ADEL,ALA,Rp,1
ADEL,AVAL,Sp,2
ADEL,AVAR,Sp,3
ADEL,AVEL,Sp,1
ADEL,AVKR,EJ,1
ADEL,AVL,S,1
ADEL,BDUL,Sp,1
ADEL,BDUL,R,3
ADEL,CEPDL,S,1
ADEL,FLPL,Sp,1
ADEL,FLPL,S,1
ADEL,FLPL,Rp,2
ADEL,IL1L,Sp,1
ADEL,IL2L,Sp,1
ADEL,IL2L,S,1
ADEL,IL2L,Rp,2
ADEL,OLLL,Sp,1
ADEL,OLLL,S,1
ADEL,RIAL,Sp,1
ADEL,RIFL,Sp,1
ADEL,RIGL,Sp,3
ADEL,RIGL,S,2
ADEL,RIGR,Sp,3
ADEL,RIGR,S,3
ADEL,RIH,Sp,2
ADEL,RIVL,Sp,1
ADEL,RIVR,Sp,1
ADEL,RMDL,Sp,2
ADEL,RMDL,S,2
ADEL,RMGL,S,1
ADEL,RMHL,Sp,1
ADEL,SIADR,Sp,1
ADEL,SIBDR,Sp,1
ADEL,SMBDR,Sp,1
ADEL,URBL,Sp,1
ADER,ADAR,Sp,1
ADER,ADEL,Sp,2
ADER,ADEL,Rp,1
ADER,ALA,Sp,1
ADER,ALNR,R,1
ADER,AVAL,Sp,4
ADER,AVAL,S,1
ADER,AVAR,Sp,1
ADER,AVAR,Rp,1
ADER,AVDR,Sp,2
ADER,AVER,S,1
ADER,AVJR,Sp,1
ADER,AVKL,Sp,1
ADER,AVKL,S,1
ADER,AVKL,EJ,1
ADER,AVKR,Sp,1
ADER,AVM,Rp,1
ADER,AVM,R,1
ADER,BDUR,R,1
ADER,CEPDR,S,1
ADER,FLPL,Sp,1
ADER,FLPL,Rp,2
ADER,FLPR,Sp,1
ADER,FLPR,Rp,1
ADER,FLPR,R,1
ADER,IL2R,Rp,1
ADER,IL2R,R,1
ADER,OLLR,Sp,2
ADER,PVR,Sp,1
ADER,RIGL,Sp,3
ADER,RIGL,S,4
ADER,RIGR,Sp,4
ADER,RIH,Sp,1
ADER,RMDR,Sp,2
ADER,SAAVR,S,1
ADFL,ADAL,Sp,1
ADFL,ADAL,EJ,1
ADFL,AIZL,Sp,7
ADFL,AIZL,S,5
ADFL,ASHL,Rp,3
ADFL,AUAL,Sp,4
ADFL,AUAL,S,1
ADFL,AWBL,Rp,8
ADFL,AWBL,R,1
ADFL,OLQVL,Sp,1
ADFL,RIAL,Sp,12
ADFL,RIAL,S,3
ADFL,RIGL,Sp,1
ADFL,RIR,Sp,2
ADFL,SMBVL,Sp,2
ADFR,ADAR,Sp,1
ADFR,ADAR,EJ,1
ADFR,AIAR,EJ,1
ADFR,AIYR,Sp,1
ADFR,AIYR,Rp,1
ADFR,AIZR,Sp,5
ADFR,AIZR,S,3
ADFR,ASEL,R,1
ADFR,ASHR,Sp,1
ADFR,ASHR,Rp,2
ADFR,AUAR,Sp,4
ADFR,AVHL,Rp,3
ADFR,AWAR,Rp,3
ADFR,AWBR,S,1
ADFR,AWBR,Rp,3
ADFR,AWBR,R,1
ADFR,PVPR,Sp,1
ADFR,PVPR,Rp,1
ADFR,RIAR,Sp,15
ADFR,RIAR,S,1
ADFR,RIGR,Sp,2
ADFR,RIGR,S,1
ADFR,RIH,Rp,1
ADFR,RIR,Sp,3
ADFR,SMBDR,Sp,1
ADFR,SMBVR,Sp,2
ADFR,URXR,S,1
ADLL,ADLR,EJ,1
ADLL,AIAL,Sp,4
ADLL,AIAL,S,2
ADLL,AIBL,Sp,5
ADLL,AIBL,S,2
ADLL,AIBR,Sp,1
ADLL,ALA,S,2
ADLL,ASER,Sp,2
ADLL,ASER,S,1
ADLL,ASHL,Sp,2
ADLL,AVAL,Sp,2
ADLL,AVAR,Sp,3
ADLL,AVBL,Sp,2
ADLL,AVBL,S,2
ADLL,AVDL,Sp,1
ADLL,AVDR,Sp,4
ADLL,AVDR,EJ,1
ADLL,AVHR,Rp,1
ADLL,AVJL,Sp,1
ADLL,AVJR,Sp,3
ADLL,AWBL,S,2
ADLL,CEPVL,Rp,1
ADLL,OLQVL,Sp,1
ADLL,OLQVL,EJ,1
ADLL,RIPL,Sp,1
ADLL,RMGL,EJ,1
ADLL,SDQR,Rp,1
ADLR,ADLL,EJ,1
ADLR,AIAR,Sp,8
ADLR,AIAR,S,2
ADLR,AIAR,Rp,2
ADLR,AIBR,Sp,10
ADLR,ASER,S,1
ADLR,ASHR,Sp,2
ADLR,ASHR,S,1
ADLR,AVAR,Sp,2
ADLR,AVBL,S,1
ADLR,AVBR,S,2
ADLR,AVDL,Sp,4
ADLR,AVDL,S,1
ADLR,AVDR,Sp,2
ADLR,AVHR,Rp,2
ADLR,AVJR,Sp,1
ADLR,AVJR,S,1
ADLR,AWCR,Sp,3
ADLR,OLLR,Sp,1
ADLR,PVCL,Sp,1
ADLR,PVCL,S,1
ADLR,RICL,Sp,1
ADLR,RICR,Sp,1
AFDL,AFDR,EJ,1
AFDL,AIBL,EJ,1
AFDL,AINR,S,1
AFDL,AINR,Rp,1
AFDL,AINR,R,3
AFDL,AIYL,S,7
AFDL,ASER,Rp,1
AFDL,ASER,R,1
AFDL,AWAL,Rp,4
AFDL,AWAL,R,1
AFDR,AFDL,EJ,1
AFDR,AIBR,EJ,1
AFDR,AINL,Rp,3
AFDR,AINL,R,2
AFDR,AINR,Rp,1
AFDR,AIYR,Sp,1
AFDR,AIYR,S,12
AFDR,ASER,Sp,1
AFDR,ASER,Rp,2
AFDR,AWAR,Rp,6
AFDR,AWAR,R,1
AFDR,RIR,Rp,1
AIAL,ADAL,Sp,1
AIAL,ADLL,Rp,4
AIAL,ADLL,R,2
AIAL,AIAR,EJ,1
AIAL,AIBL,Sp,7
AIAL,AIBL,S,3
AIAL,AIML,Sp,2
AIAL,AIML,Rp,4
AIAL,AIML,R,1
AIAL,AINR,Rp,2
AIAL,AIZL,Sp,1
AIAL,AIZL,Rp,3
AIAL,ASEL,Rp,3
AIAL,ASER,Sp,2
AIAL,ASER,S,1
AIAL,ASER,Rp,1
AIAL,ASER,R,1
AIAL,ASGL,Sp,1
AIAL,ASGL,Rp,3
AIAL,ASGL,R,6
AIAL,ASHL,Sp,1
AIAL,ASHL,Rp,2
AIAL,ASHL,R,5
AIAL,ASIL,EJ,2
AIAL,ASIR,Rp,1
AIAL,ASKL,Sp,1
AIAL,ASKL,S,2
AIAL,ASKL,Rp,4
AIAL,ASKL,R,7
AIAL,AWAL,EJ,1
AIAL,AWCL,R,2
AIAL,AWCR,Sp,1
AIAL,HSNL,S,1
AIAL,HSNL,Rp,1
AIAL,PVQL,Rp,3
AIAL,PVQL,R,3
AIAL,RIFL,Sp,1
AIAL,RMGL,S,1
AIAR,ADAR,Sp,1
AIAR,ADFR,EJ,1
AIAR,ADLR,Sp,2
AIAR,ADLR,Rp,8
AIAR,ADLR,R,2
AIAR,AIAL,EJ,1
AIAR,AIBR,Sp,8
AIAR,AIBR,S,6
AIAR,AIMR,Rp,5
AIAR,AIZR,Sp,1
AIAR,AIZR,Rp,1
AIAR,ASER,Sp,1
AIAR,ASER,Rp,2
AIAR,ASER,R,1
AIAR,ASGR,Sp,1
AIAR,ASGR,S,1
AIAR,ASGR,Rp,2
AIAR,ASGR,R,8
AIAR,ASHR,Rp,4
AIAR,ASHR,R,6
AIAR,ASIR,Rp,2
AIAR,ASIR,R,1
AIAR,ASIR,EJ,2
AIAR,ASKR,Rp,3
AIAR,ASKR,R,8
AIAR,AWAR,Sp,1
AIAR,AWAR,EJ,1
AIAR,AWCL,Sp,1
AIAR,AWCL,Rp,1
AIAR,AWCL,R,3
AIAR,AWCR,Sp,2
AIAR,AWCR,S,1
AIAR,AWCR,Rp,1
AIAR,AWCR,R,1
AIAR,PVQR,Rp,4
AIAR,PVQR,R,3
AIAR,RIFR,Sp,2
AIBL,ADAL,R,1
AIBL,ADAR,Rp,1
AIBL,ADLL,Rp,5
AIBL,ADLL,R,2
AIBL,AFDL,EJ,1
AIBL,AIAL,Rp,7
AIBL,AIAL,R,3
AIBL,AINR,Rp,2
AIBL,AIYL,Sp,1
AIBL,AIZL,Rp,2
AIBL,AIZL,R,2
AIBL,AIZR,Rp,7
AIBL,AIZR,R,1
AIBL,ASEL,Rp,6
AIBL,ASEL,R,1
AIBL,ASER,Sp,1
AIBL,ASER,Rp,2
AIBL,ASGL,Rp,3
AIBL,ASHL,Rp,3
AIBL,ASHL,R,2
AIBL,ASIL,R,1
AIBL,ASKL,Rp,2
AIBL,AVAL,Sp,2
AIBL,AVBL,Sp,4
AIBL,AVBL,S,1
AIBL,AWCL,Rp,1
AIBL,AWCL,R,1
AIBL,BAGL,Rp,1
AIBL,DVC,Rp,1
AIBL,DVC,EJ,1
AIBL,FLPL,Sp,1
AIBL,FLPL,Rp,1
AIBL,FLPL,R,1
AIBL,HSNR,Rp,1
AIBL,PVT,Rp,2
AIBL,PVT,EJ,1
AIBL,RIBR,Sp,3
AIBL,RIBR,S,1
AIBL,RIBR,Rp,1
AIBL,RIBR,R,1
AIBL,RIFL,Sp,1
AIBL,RIGR,Sp,1
AIBL,RIGR,EJ,3
AIBL,RIML,Sp,2
AIBL,RIMR,Sp,12
AIBL,RIMR,S,1
AIBL,RIMR,Rp,4
AIBL,RIMR,EJ,1
AIBL,RIVL,EJ,1
AIBL,SAADL,Sp,2
AIBL,SAADL,Rp,1
AIBL,SAADR,Sp,2
AIBL,SAAVL,Rp,1
AIBL,SDQR,Rp,2
AIBL,SMDDR,Sp,4
AIBR,ADAL,Rp,2
AIBR,ADAR,Rp,1
AIBR,ADLL,Rp,1
AIBR,ADLR,Rp,10
AIBR,AFDR,EJ,1
AIBR,AIAR,Rp,8
AIBR,AIAR,R,6
AIBR,AIZL,Rp,6
AIBR,AIZL,R,2
AIBR,AIZR,Rp,1
AIBR,ASEL,Rp,2
AIBR,ASEL,R,2
AIBR,ASER,Rp,9
AIBR,ASER,R,1
AIBR,ASGR,Rp,2
AIBR,ASHR,Rp,2
AIBR,ASHR,R,1
AIBR,ASIR,Rp,1
AIBR,AVAR,Sp,1
AIBR,AVBR,Sp,3
AIBR,AVEL,Sp,1
AIBR,AWBL,Rp,1
AIBR,AWCL,Rp,1
AIBR,AWCR,Rp,4
AIBR,DB1,EJ,1
AIBR,DVC,Rp,3
AIBR,DVC,EJ,2
AIBR,FLPL,Rp,2
AIBR,FLPR,Rp,1
AIBR,HSNR,Rp,1
AIBR,PVT,Rp,4
AIBR,PVT,EJ,1
AIBR,RIAL,Sp,1
AIBR,RIBL,Sp,4
AIBR,RIBL,Rp,2
AIBR,RIGL,EJ,3
AIBR,RIML,Sp,12
AIBR,RIML,S,4
AIBR,RIML,EJ,1
AIBR,RIMR,Sp,1
AIBR,RIS,EJ,1
AIBR,RIVR,EJ,1
AIBR,RMGL,R,1
AIBR,SAADL,Sp,1
AIBR,SAADR,R,1
AIBR,SDQL,Rp,1
AIBR,SMDDL,Sp,2
AIBR,SMDDL,S,1
AIBR,SMDVL,Sp,1
AIBR,VB1,Sp,3
AIBR,VB1,Rp,1
AIML,AIAL,Sp,4
AIML,AIAL,S,1
AIML,AIAL,Rp,2
AIML,ALML,Sp,1
AIML,ASGL,Sp,2
AIML,ASKL,Sp,2
AIML,ASKL,Rp,2
AIML,AVBR,Sp,2
AIML,AVDL,Sp,1
AIML,AVDR,Sp,1
AIML,AVER,Sp,1
AIML,AVFL,Sp,3
AIML,AVFL,S,1
AIML,AVFR,Sp,1
AIML,AVHL,Sp,2
AIML,AVHR,Sp,1
AIML,AVJL,Sp,1
AIML,PVQL,S,1
AIML,RIFL,Sp,1
AIML,SIBDR,EJ,1
AIML,SMBVL,S,1
AIMR,AIAR,Sp,5
AIMR,ASGR,Sp,2
AIMR,ASJR,Sp,2
AIMR,ASKR,Sp,3
AIMR,ASKR,Rp,1
AIMR,AVDR,Sp,1
AIMR,AVFL,Sp,1
AIMR,AVFL,S,1
AIMR,AVFR,Sp,1
AIMR,AVFR,S,1
AIMR,HSNL,Sp,1
AIMR,HSNR,Sp,2
AIMR,OLQDR,Sp,1
AIMR,PVNR,Sp,1
AIMR,RIFR,Sp,1
AIMR,RMGR,Sp,1
AIMR,RMGR,S,1
AIMR,RMGR,Rp,1
AINL,ADEL,EJ,1
AINL,AFDR,Sp,3
AINL,AFDR,S,2
AINL,AINR,EJ,2
AINL,ASEL,Sp,2
AINL,ASEL,S,1
AINL,ASGR,S,1
AINL,ASGR,EJ,1
AINL,AUAR,Sp,1
AINL,AUAR,EJ,1
AINL,BAGL,Sp,3
AINL,RIBL,S,1
AINL,RIBR,Sp,2
AINR,AFDL,Sp,1
AINR,AFDL,S,3
AINR,AFDL,R,1
AINR,AFDR,Sp,1
AINR,AIAL,Sp,2
AINR,AIBL,Sp,2
AINR,AINL,EJ,2
AINR,ASEL,Sp,1
AINR,ASER,Sp,1
AINR,ASER,S,1
AINR,ASGL,Rp,1
AINR,ASGL,EJ,1
AINR,AUAL,EJ,1
AINR,AUAR,Sp,1
AINR,BAGR,Sp,3
AINR,RIBL,Sp,2
AINR,RID,Sp,1
AIYL,AFDL,R,7
AIYL,AIBL,Rp,1
AIYL,AIYR,EJ,1
AIYL,AIZL,Sp,10
AIYL,AIZL,S,3
AIYL,ASEL,Rp,5
AIYL,ASEL,R,8
AIYL,ASER,Rp,2
AIYL,ASER,R,2
AIYL,ASIL,Rp,2
AIYL,AWAL,Sp,3
AIYL,AWAL,Rp,1
AIYL,AWCL,Sp,1
AIYL,AWCL,Rp,3
AIYL,AWCL,R,7
AIYL,AWCR,Sp,1
AIYL,AWCR,Rp,3
AIYL,AWCR,R,1
AIYL,BAGR,Rp,1
AIYL,HSNR,Sp,1
AIYL,RIAL,Sp,6
AIYL,RIAL,S,1
AIYL,RIBL,Sp,4
AIYL,RIML,EJ,1
AIYR,ADFR,Sp,1
AIYR,ADFR,Rp,1
AIYR,AFDR,Rp,1
AIYR,AFDR,R,12
AIYR,AIYL,EJ,1
AIYR,AIZR,Sp,8
AIYR,ASEL,Rp,1
AIYR,ASEL,R,5
AIYR,ASER,Rp,10
AIYR,ASER,R,4
AIYR,ASGR,R,1
AIYR,AUAR,Rp,1
AIYR,AWAR,Sp,1
AIYR,AWAR,Rp,2
AIYR,AWCR,Rp,6
AIYR,AWCR,R,3
AIYR,HSNL,Sp,1
AIYR,RIAR,Sp,6
AIYR,RIBR,Sp,2
AIYR,RIMR,EJ,1
AIZL,ADFL,Rp,7
AIZL,ADFL,R,5
AIZL,AIAL,Sp,3
AIZL,AIAL,Rp,1
AIZL,AIBL,Sp,2
AIZL,AIBL,S,2
AIZL,AIBR,Sp,6
AIZL,AIBR,S,2
AIZL,AIYL,Rp,10
AIZL,AIYL,R,3
AIZL,AIZR,EJ,2
AIZL,ASEL,Sp,1
AIZL,ASGL,EJ,1
AIZL,ASHL,EJ,1
AIZL,ASIL,Rp,1
AIZL,AVER,Sp,5
AIZL,AWAL,Rp,7
AIZL,AWAL,R,3
AIZL,AWBL,Rp,6
AIZL,AWBL,R,3
AIZL,DVA,S,1
AIZL,DVA,Rp,3
AIZL,HSNL,Rp,2
AIZL,HSNR,Rp,1
AIZL,RIAL,Sp,5
AIZL,RIAL,S,3
AIZL,RIGL,S,1
AIZL,RIH,Rp,4
AIZL,RIML,Sp,4
AIZL,RIR,Rp,3
AIZL,RIR,R,3
AIZL,SMBDL,Sp,8
AIZL,SMBDL,S,1
AIZL,SMBVL,Sp,7
AIZL,VB2,Sp,1
AIZR,ADFR,Rp,5
AIZR,ADFR,R,3
AIZR,AIAR,Sp,1
AIZR,AIAR,Rp,1
AIZR,AIBL,Sp,7
AIZR,AIBL,S,1
AIZR,AIBR,Sp,1
AIZR,AIYR,Rp,8
AIZR,AIZL,EJ,2
AIZR,ASGR,EJ,1
AIZR,ASHR,EJ,1
AIZR,AVEL,Sp,4
AIZR,AVER,Sp,1
AIZR,AVER,S,1
AIZR,AWAR,Rp,5
AIZR,AWAR,R,2
AIZR,AWAR,EJ,1
AIZR,AWBR,Rp,3
AIZR,AWBR,R,1
AIZR,DVA,Sp,1
AIZR,DVA,S,1
AIZR,HSNL,Rp,1
AIZR,HSNR,Rp,1
AIZR,RIAR,Sp,3
AIZR,RIAR,S,4
AIZR,RIBR,R,1
AIZR,RIGL,Rp,1
AIZR,RIH,Rp,4
AIZR,RIMR,Sp,3
AIZR,RIMR,S,1
AIZR,RIR,Rp,1
AIZR,RIR,R,4
AIZR,SMBDR,Sp,5
AIZR,SMBVR,Sp,3
AIZR,SMDDR,Sp,1
ALA,ADEL,Sp,1
ALA,ADER,Rp,1
ALA,ADLL,R,2
ALA,AVAL,Sp,1
ALA,AVEL,Sp,2
ALA,AVER,Sp,1
ALA,AVER,S,1
ALA,RID,EJ,1
ALA,RMDR,Sp,1
ALML,AIML,Rp,1
ALML,AVDR,Sp,1
ALML,AVEL,Sp,1
ALML,AVM,EJ,1
ALML,BDUL,Sp,1
ALML,BDUL,S,5
ALML,CEPDL,S,3
ALML,CEPVL,Sp,2
ALML,PVCL,Sp,2
ALML,PVCL,S,2
ALML,PVCR,Sp,1
ALML,PVCR,S,1
ALML,PVR,EJ,1
ALML,RIFL,Rp,2
ALML,RMDDR,S,1
ALML,RMGL,Sp,1
ALML,RMGL,Rp,1
ALML,SDQL,Sp,1
ALML,SDQL,Rp,1
ALMR,AVM,EJ,1
ALMR,BDUR,S,5
ALMR,BDUR,Rp,1
ALMR,CEPDR,S,1
ALMR,CEPVR,S,1
ALMR,PVCR,S,3
ALMR,RMDDL,Sp,1
ALMR,SIADL,Sp,1
ALNL,RIGL,Rp,1
ALNL,RMGL,Rp,1
ALNL,SAAVL,Sp,3
ALNL,SAAVL,Rp,1
ALNL,SMBDR,Sp,2
ALNL,SMBDR,EJ,1
ALNL,SMDVL,Sp,1
ALNR,ADER,S,1
ALNR,RIGR,Rp,1
ALNR,RMGR,Rp,1
ALNR,RMHR,Sp,1
ALNR,SAAVR,Sp,2
ALNR,SMBDL,Sp,2
ALNR,SMDDR,Sp,1
ALNR,SMDVL,S,1
AQR,AVAL,Sp,1
AQR,AVAL,S,1
AQR,AVAR,Sp,2
AQR,AVAR,S,1
AQR,AVBL,Sp,2
AQR,AVBL,S,1
AQR,AVBL,EJ,1
AQR,AVBR,Sp,4
AQR,AVDL,Sp,1
AQR,AVDR,Sp,1
AQR,AVHR,Rp,2
AQR,AVJL,Sp,1
AQR,AVKL,EJ,2
AQR,AVKR,EJ,1
AQR,BAGL,Sp,2
AQR,BAGR,Sp,2
AQR,DVA,Rp,3
AQR,DVA,R,1
AQR,PVCR,Sp,2
AQR,PVCR,Rp,1
AQR,PVPL,Sp,1
AQR,PVPL,Rp,1
AQR,PVPL,EJ,7
AQR,PVPR,Rp,2
AQR,PVPR,EJ,9
AQR,RIAL,Sp,2
AQR,RIAL,S,1
AQR,RIAR,Sp,1
AQR,RIAR,S,1
AQR,RIGL,EJ,2
AQR,RIGR,EJ,1
AQR,URXL,Sp,1
AS1,AVAL,EJ,3
AS1,AVAR,Rp,1
AS1,AVAR,EJ,2
AS1,AVBR,R,1
AS1,AVDL,R,1
AS1,AVEL,Rp,1
AS1,AVER,Rp,2
AS1,AVER,R,1
AS1,DA1,S,2
AS1,DB1,Rp,1
AS1,NMJ,NMJ,13
AS1,PVCL,R,1
AS1,VA3,EJ,1
AS1,VD1,S,5
AS1,VD2,EJ,1
AS10,AVAL,Rp,2
AS10,AVAL,EJ,1
AS10,AVAR,Rp,1
AS10,AVAR,EJ,1
AS10,AVBL,R,1
AS10,AVBR,R,1
AS10,AVDL,Rp,1
AS10,AVDR,R,1
AS11,AVAL,Rp,4
AS11,AVAR,Rp,6
AS11,AVDL,Rp,2
AS11,NMJ,NMJ,2
AS11,PDA,S,1
AS11,PDA,Rp,1
AS11,PDB,S,1
AS11,PDB,EJ,2
AS11,VA12,Rp,2
AS11,VD13,S,2
AS2,AVAL,Rp,1
AS2,AVAR,Rp,1
AS2,AVAR,R,1
AS2,AVER,Rp,2
AS2,DA2,EJ,1
AS2,DB1,S,1
AS2,DB1,Rp,1
AS2,DD1,S,1
AS2,NMJ,NMJ,11
AS2,PVCR,Rp,1
AS2,RID,Rp,1
AS2,VA4,EJ,2
AS2,VD2,S,10
AS3,AVAL,Rp,1
AS3,AVAL,EJ,2
AS3,AVAR,Rp,1
AS3,AVAR,EJ,1
AS3,AVBL,R,1
AS3,AVBR,R,1
AS3,AVER,R,1
AS3,DA2,EJ,1
AS3,DA3,S,1
AS3,DB1,Rp,1
AS3,DD1,S,1
AS3,NMJ,NMJ,12
AS3,VA5,EJ,2
AS3,VD2,S,1
AS3,VD3,S,15
AS4,AS5,S,1
AS4,AVAL,R,1
AS4,AVAR,Rp,1
AS4,AVBL,R,1
AS4,AVBR,R,1
AS4,AVDL,Rp,1
AS4,DA3,R,1
AS4,DA3,EJ,1
AS4,DB3,Rp,1
AS4,NMJ,NMJ,9
AS4,VD4,S,11
AS5,AS4,R,1
AS5,AVAL,Rp,3
AS5,AVAL,EJ,1
AS5,AVAR,Rp,1
AS5,AVAR,EJ,1
AS5,AVBL,R,1
AS5,AVBR,Rp,1
AS5,AVDL,R,1
AS5,AVDR,R,1
AS5,DB3,Rp,1
AS5,DD2,S,1
AS5,HSNR,R,1
AS5,NMJ,NMJ,10
AS5,VA7,EJ,1
AS5,VD5,S,9
AS6,AVAL,EJ,1
AS6,AVAR,Rp,2
AS6,AVAR,EJ,1
AS6,AVBL,R,1
AS6,AVBR,R,1
AS6,AVBR,EJ,1
AS6,DA5,EJ,2
AS6,NMJ,NMJ,10
AS6,PLMR,Rp,1
AS6,PVR,R,1
AS6,VA8,EJ,1
AS6,VD6,S,13
AS7,AVAL,Rp,1
AS7,AVAL,R,7
AS7,AVAL,EJ,6
AS7,AVAR,R,3
AS7,AVAR,EJ,5
AS7,AVBL,EJ,2
AS7,AVBR,Rp,1
AS7,AVBR,EJ,2
AS8,AVAL,R,5
AS8,AVAL,EJ,4
AS8,AVAR,Rp,1
AS8,AVAR,R,5
AS8,AVAR,EJ,3
AS9,AVAL,R,8
AS9,AVAL,EJ,4
AS9,AVAR,S,1
AS9,AVAR,Rp,2
AS9,AVAR,R,3
AS9,AVAR,EJ,1
AS9,AVBL,R,1
AS9,DVB,EJ,7
AS9,NMJ,NMJ,1
ASEL,ADFR,S,1
ASEL,AIAL,Sp,3
ASEL,AIBL,Sp,6
ASEL,AIBL,S,1
ASEL,AIBR,Sp,2
ASEL,AIBR,S,2
ASEL,AINL,Rp,2
ASEL,AINL,R,1
ASEL,AINR,Rp,1
ASEL,AIYL,Sp,5
ASEL,AIYL,S,8
ASEL,AIYR,Sp,1
ASEL,AIYR,S,5
ASEL,AIZL,Rp,1
ASEL,ASIR,R,2
ASEL,AWAL,Rp,4
ASEL,AWAR,Rp,1
ASEL,AWCL,Sp,4
ASEL,AWCL,Rp,1
ASEL,AWCR,Sp,1
ASEL,AWCR,Rp,1
ASEL,RIAR,S,1
ASER,ADLL,Rp,2
ASER,ADLL,R,1
ASER,ADLR,R,1
ASER,AFDL,Sp,1
ASER,AFDL,S,1
ASER,AFDR,Sp,2
ASER,AFDR,Rp,1
ASER,AIAL,Sp,1
ASER,AIAL,S,1
ASER,AIAL,Rp,2
ASER,AIAL,R,1
ASER,AIAR,Sp,2
ASER,AIAR,S,1
ASER,AIAR,Rp,1
ASER,AIBL,Sp,2
ASER,AIBL,Rp,1
ASER,AIBR,Sp,9
ASER,AIBR,S,1
ASER,AINR,Rp,1
ASER,AINR,R,1
ASER,AIYL,Sp,2
ASER,AIYL,S,2
ASER,AIYR,Sp,10
ASER,AIYR,S,4
ASER,ASIL,R,1
ASER,AWAR,Sp,1
ASER,AWAR,Rp,2
ASER,AWCL,Sp,1
ASER,AWCR,Sp,1
ASER,PVQR,Rp,1
ASGL,AIAL,Sp,3
ASGL,AIAL,S,6
ASGL,AIAL,Rp,1
ASGL,AIBL,Sp,3
ASGL,AIML,Rp,2
ASGL,AINR,Sp,1
ASGL,AINR,EJ,1
ASGL,AIZL,EJ,1
ASGL,ASKL,Sp,1
ASGL,AWAL,Rp,1
ASGR,AIAR,Sp,2
ASGR,AIAR,S,8
ASGR,AIAR,Rp,1
ASGR,AIAR,R,1
ASGR,AIBR,Sp,2
ASGR,AIMR,Rp,2
ASGR,AINL,R,1
ASGR,AINL,EJ,1
ASGR,AIYR,S,1
ASGR,AIZR,EJ,1
ASGR,AWBR,R,1
ASGR,AWCR,Rp,1
ASGR,CEPVR,Rp,1
ASHL,ADAL,Sp,1
ASHL,ADAL,EJ,1
ASHL,ADFL,Sp,3
ASHL,ADLL,Rp,2
ASHL,AIAL,Sp,2
ASHL,AIAL,S,5
ASHL,AIAL,Rp,1
ASHL,AIBL,Sp,3
ASHL,AIBL,S,2
ASHL,AIZL,EJ,1
ASHL,ASHR,EJ,1
ASHL,ASKL,Sp,1
ASHL,AVAL,Sp,2
ASHL,AVBL,Sp,6
ASHL,AVDL,Sp,2
ASHL,AVDR,Sp,2
ASHL,AVDR,S,2
ASHL,HSNL,Rp,1
ASHL,HSNR,Rp,2
ASHL,RIAL,Sp,4
ASHL,RICL,EJ,2
ASHL,RIML,Sp,1
ASHL,RIPL,Sp,1
ASHL,RMGL,Rp,1
ASHL,RMGL,EJ,1
ASHL,URXL,Rp,1
ASHR,ADAR,Sp,2
ASHR,ADAR,EJ,1
ASHR,ADFR,Sp,2
ASHR,ADFR,Rp,1
ASHR,ADLR,Rp,2
ASHR,ADLR,R,1
ASHR,AIAR,Sp,4
ASHR,AIAR,S,6
ASHR,AIBR,Sp,2
ASHR,AIBR,S,1
ASHR,AIZR,EJ,1
ASHR,ASHL,EJ,1
ASHR,ASIR,R,1
ASHR,ASKR,EJ,1
ASHR,AVAR,Sp,4
ASHR,AVAR,S,1
ASHR,AVBR,Sp,3
ASHR,AVDL,Sp,4
ASHR,AVDL,S,1
ASHR,AVDR,Sp,1
ASHR,AVER,Sp,3
ASHR,AWBR,Rp,2
ASHR,HSNL,Rp,2
ASHR,HSNR,Sp,1
ASHR,PVPR,Sp,1
ASHR,PVPR,Rp,1
ASHR,RIAR,Sp,2
ASHR,RICR,EJ,2
ASHR,RIFR,Rp,2
ASHR,RMGR,Sp,2
ASHR,RMGR,Rp,1
ASHR,RMGR,EJ,1
ASIL,AIAL,EJ,2
ASIL,AIBL,S,1
ASIL,AIYL,Sp,2
ASIL,AIZL,Sp,1
ASIL,ASER,S,1
ASIL,ASIR,EJ,1
ASIL,ASKL,S,2
ASIL,AWCL,Sp,1
ASIL,AWCL,S,1
ASIL,AWCR,Sp,1
ASIL,AWCR,S,1
ASIL,RIBL,Sp,1
ASIR,AIAL,Sp,1
ASIR,AIAR,Sp,2
ASIR,AIAR,S,1
ASIR,AIAR,EJ,2
ASIR,AIBR,Sp,1
ASIR,ASEL,S,2
ASIR,ASHR,S,1
ASIR,ASIL,EJ,1
ASIR,AWCL,Sp,1
ASIR,AWCR,Sp,1
ASIR,AWCR,S,1
ASJL,ASJR,EJ,1
ASJL,ASKL,Sp,4
ASJL,AVFR,Rp,1
ASJL,HSNL,Sp,1
ASJL,HSNR,Sp,1
ASJL,PVQL,Sp,6
ASJL,PVQL,S,8
ASJL,PVQL,Rp,1
ASJR,AIMR,Rp,2
ASJR,ASJL,EJ,1
ASJR,ASKR,Sp,3
ASJR,ASKR,S,1
ASJR,HSNL,R,1
ASJR,HSNR,Sp,1
ASJR,PVQR,Sp,4
ASJR,PVQR,S,9
ASKL,AIAL,Sp,4
ASKL,AIAL,S,7
ASKL,AIAL,Rp,1
ASKL,AIAL,R,2
ASKL,AIBL,Sp,2
ASKL,AIML,Sp,2
ASKL,AIML,Rp,2
ASKL,ASGL,Rp,1
ASKL,ASHL,Rp,1
ASKL,ASIL,R,2
ASKL,ASJL,Rp,4
ASKL,ASKR,EJ,1
ASKL,AVFR,Rp,1
ASKL,HSNL,Rp,1
ASKL,PVQL,Rp,4
ASKL,PVQL,EJ,5
ASKL,RMGL,EJ,1
ASKR,AIAR,Sp,3
ASKR,AIAR,S,8
ASKR,AIMR,Sp,1
ASKR,AIMR,Rp,3
ASKR,ASHR,EJ,1
ASKR,ASJR,Rp,3
ASKR,ASJR,R,1
ASKR,ASKL,EJ,1
ASKR,AWAR,Sp,1
ASKR,CEPVR,Sp,1
ASKR,PVQR,Rp,4
ASKR,PVQR,EJ,4
ASKR,RIFR,Sp,1
ASKR,RMGR,EJ,1
AUAL,ADFL,Rp,4
AUAL,ADFL,R,1
AUAL,AINR,EJ,1
AUAL,AUAR,EJ,1
AUAL,AVAL,Sp,2
AUAL,AVAL,S,1
AUAL,AVDR,Sp,1
AUAL,AVEL,Sp,3
AUAL,AWBL,EJ,1
AUAL,DVA,Rp,1
AUAL,IL2DL,R,1
AUAL,RIAL,Sp,5
AUAL,RIBL,Sp,7
AUAL,RIBL,S,2
AUAL,RIBL,Rp,1
AUAL,RIR,Rp,1
AUAL,URXL,Rp,4
AUAL,URXL,R,1
AUAR,ADFR,Rp,4
AUAR,AINL,Rp,1
AUAR,AINL,EJ,1
AUAR,AINR,Rp,1
AUAR,AIYR,Sp,1
AUAR,AUAL,EJ,1
AUAR,AVAR,S,1
AUAR,AVER,Sp,3
AUAR,AVER,S,1
AUAR,AWAR,R,1
AUAR,AWBR,EJ,1
AUAR,DVA,Rp,1
AUAR,RIAR,Sp,5
AUAR,RIAR,S,1
AUAR,RIBR,Sp,9
AUAR,RIBR,S,4
AUAR,RIH,Rp,1
AUAR,URXR,S,1
AUAR,URXR,Rp,3
AUAR,URXR,R,1
AVAL,ADAR,Rp,1
AVAL,ADEL,Rp,2
AVAL,ADER,Rp,4
AVAL,ADER,R,1
AVAL,ADLL,Rp,2
AVAL,AIBL,Rp,2
AVAL,ALA,Rp,1
AVAL,AQR,Rp,1
AVAL,AQR,R,1
AVAL,AS1,EJ,3
AVAL,AS10,Sp,2
AVAL,AS10,EJ,1
AVAL,AS11,Sp,4
AVAL,AS2,S,1
AVAL,AS3,S,1
AVAL,AS3,EJ,2
AVAL,AS4,S,1
AVAL,AS5,S,3
AVAL,AS5,EJ,1
AVAL,AS6,EJ,1
AVAL,AS7,S,8
AVAL,AS7,EJ,6
AVAL,AS8,S,5
AVAL,AS8,EJ,4
AVAL,AS9,S,8
AVAL,AS9,EJ,4
AVAL,ASHL,Rp,2
AVAL,AUAL,Rp,2
AVAL,AUAL,R,1
AVAL,AVAR,Sp,2
AVAL,AVAR,Rp,1
AVAL,AVAR,EJ,5
AVAL,AVBL,Rp,1
AVAL,AVBL,R,6
AVAL,AVBR,Sp,1
AVAL,AVBR,Rp,1
AVAL,AVBR,R,5
AVAL,AVDL,S,1
AVAL,AVDL,Rp,12
AVAL,AVDL,R,1
AVAL,AVDR,Rp,13
AVAL,AVDR,R,3
AVAL,AVEL,Rp,10
AVAL,AVEL,R,2
AVAL,AVER,Rp,5
AVAL,AVER,R,2
AVAL,AVHL,Sp,1
AVAL,AVJL,EJ,2
AVAL,AVJR,Rp,1
AVAL,AWCL,Rp,1
AVAL,BAGR,Rp,1
AVAL,BAGR,R,1
AVAL,BDUR,Rp,3
AVAL,DA1,S,2
AVAL,DA1,EJ,2
AVAL,DA2,S,2
AVAL,DA2,EJ,2
AVAL,DA3,S,6
AVAL,DA4,S,7
AVAL,DA4,EJ,3
AVAL,DA5,S,7
AVAL,DA5,EJ,1
AVAL,DA6,S,11
AVAL,DA6,EJ,10
AVAL,DA7,Sp,2
AVAL,DA7,EJ,2
AVAL,DA8,Sp,4
AVAL,DA9,Sp,1
AVAL,DA9,S,2
AVAL,DB5,S,2
AVAL,DB6,Sp,1
AVAL,DB6,EJ,3
AVAL,DVA,Rp,3
AVAL,DVC,Rp,5
AVAL,FLPL,Rp,10
AVAL,FLPL,R,4
AVAL,FLPL,EJ,1
AVAL,FLPR,Rp,10
AVAL,FLPR,R,2
AVAL,LUAL,Sp,1
AVAL,LUAL,Rp,5
AVAL,LUAL,EJ,1
AVAL,LUAR,Rp,3
AVAL,PHBL,Rp,9
AVAL,PHBR,Rp,7
AVAL,PHCL,Rp,1
AVAL,PLMR,Rp,3
AVAL,PLMR,R,1
AVAL,PQR,Rp,5
AVAL,PQR,R,3
AVAL,PVCL,Sp,7
AVAL,PVCL,S,3
AVAL,PVCL,Rp,1
AVAL,PVCL,R,1
AVAL,PVCL,EJ,2
AVAL,PVCR,Sp,4
AVAL,PVCR,S,2
AVAL,PVCR,Rp,5
AVAL,PVCR,R,2
AVAL,PVCR,EJ,5
AVAL,PVDL,Rp,6
AVAL,PVDR,Rp,6
AVAL,PVNL,Rp,2
AVAL,PVNR,Rp,2
AVAL,PVNR,R,2
AVAL,PVPL,Rp,1
AVAL,PVPL,R,1
AVAL,PVPL,EJ,1
AVAL,PVPR,Rp,1
AVAL,RIBL,Rp,1
AVAL,RIBL,R,1
AVAL,RICL,Rp,5
AVAL,RICR,Rp,5
AVAL,RIML,Rp,1
AVAL,RIMR,Rp,2
AVAL,RIMR,EJ,3
AVAL,RMGL,Rp,1
AVAL,SAADL,Rp,6
AVAL,SAAVL,Rp,16
AVAL,SAAVL,R,1
AVAL,SABD,EJ,4
AVAL,SABVR,EJ,1
AVAL,SDQL,Rp,1
AVAL,SDQL,R,1
AVAL,SDQR,Rp,2
AVAL,SDQR,EJ,1
AVAL,SMBDR,Rp,1
AVAL,URYDL,EJ,1
AVAL,URYVR,Rp,1
AVAL,URYVR,EJ,1
AVAL,VA1,EJ,3
AVAL,VA10,Sp,5
AVAL,VA10,EJ,1
AVAL,VA11,Sp,6
AVAL,VA11,EJ,1
AVAL,VA12,Sp,2
AVAL,VA2,S,1
AVAL,VA2,R,1
AVAL,VA2,EJ,4
AVAL,VA3,S,2
AVAL,VA3,EJ,1
AVAL,VA4,S,2
AVAL,VA4,EJ,1
AVAL,VA5,S,3
AVAL,VA5,EJ,5
AVAL,VA6,S,4
AVAL,VA6,EJ,6
AVAL,VA7,EJ,2
AVAL,VA8,S,9
AVAL,VA8,EJ,10
AVAL,VA9,S,7
AVAL,VA9,EJ,1
AVAL,VB9,EJ,5
AVAL,VD6,R,1
AVAR,ADAL,Rp,2
AVAR,ADEL,Rp,3
AVAR,ADER,Sp,1
AVAR,ADER,Rp,1
AVAR,ADLL,Rp,3
AVAR,ADLR,Rp,2
AVAR,AIBR,Rp,1
AVAR,AQR,Rp,2
AVAR,AQR,R,1
AVAR,AS1,S,1
AVAR,AS1,EJ,2
AVAR,AS10,Sp,1
AVAR,AS10,EJ,1
AVAR,AS11,Sp,6
AVAR,AS2,S,2
AVAR,AS3,S,1
AVAR,AS3,EJ,1
AVAR,AS4,S,1
AVAR,AS5,S,1
AVAR,AS5,EJ,1
AVAR,AS6,S,2
AVAR,AS6,EJ,1
AVAR,AS7,S,3
AVAR,AS7,EJ,5
AVAR,AS8,S,6
AVAR,AS8,EJ,3
AVAR,AS9,S,5
AVAR,AS9,Rp,1
AVAR,AS9,EJ,1
AVAR,ASHR,Rp,4
AVAR,ASHR,R,1
AVAR,AUAR,R,1
AVAR,AVAL,Sp,1
AVAR,AVAL,Rp,2
AVAR,AVAL,EJ,5
AVAR,AVBL,S,1
AVAR,AVBL,Rp,2
AVAR,AVBL,R,5
AVAR,AVBR,Rp,2
AVAR,AVBR,R,5
AVAR,AVDL,S,1
AVAR,AVDL,Rp,17
AVAR,AVDL,R,2
AVAR,AVDR,Sp,2
AVAR,AVDR,Rp,14
AVAR,AVDR,R,1
AVAR,AVEL,Sp,2
AVAR,AVEL,Rp,3
AVAR,AVEL,R,4
AVAR,AVER,Sp,2
AVAR,AVER,Rp,16
AVAR,AVG,Rp,2
AVAR,AVG,R,1
AVAR,AVJL,Rp,1
AVAR,AVJR,Rp,1
AVAR,BAGL,Rp,1
AVAR,BAGL,R,1
AVAR,DA1,S,2
AVAR,DA1,EJ,6
AVAR,DA2,S,2
AVAR,DA2,EJ,2
AVAR,DA3,S,3
AVAR,DA3,EJ,2
AVAR,DA4,S,6
AVAR,DA4,EJ,2
AVAR,DA5,S,2
AVAR,DA5,EJ,5
AVAR,DA6,S,11
AVAR,DA6,EJ,2
AVAR,DA7,Sp,3
AVAR,DA8,Sp,7
AVAR,DA8,S,1
AVAR,DA8,EJ,1
AVAR,DA9,Sp,2
AVAR,DB3,S,1
AVAR,DB5,S,1
AVAR,DB5,EJ,2
AVAR,DB6,S,5
AVAR,DVA,Rp,1
AVAR,DVC,Rp,7
AVAR,FLPL,Rp,17
AVAR,FLPR,Rp,5
AVAR,LUAL,Sp,1
AVAR,LUAL,Rp,5
AVAR,LUAL,R,1
AVAR,LUAR,Sp,3
AVAR,LUAR,Rp,7
AVAR,PDEL,Sp,1
AVAR,PDER,Sp,1
AVAR,PHBL,Rp,6
AVAR,PHBR,Rp,7
AVAR,PLMR,Rp,1
AVAR,PQR,Rp,9
AVAR,PQR,R,2
AVAR,PVCL,Sp,5
AVAR,PVCL,S,2
AVAR,PVCL,Rp,4
AVAR,PVCR,Sp,5
AVAR,PVCR,Rp,7
AVAR,PVCR,EJ,3
AVAR,PVDL,Rp,6
AVAR,PVDR,Rp,9
AVAR,PVPL,Rp,1
AVAR,PVPL,R,1
AVAR,PVPR,Rp,2
AVAR,PVWR,Rp,1
AVAR,RIBR,R,2
AVAR,RICL,Rp,6
AVAR,RICR,Rp,5
AVAR,RIGL,Sp,1
AVAR,RIML,EJ,2
AVAR,RIMR,EJ,1
AVAR,RMGR,Rp,1
AVAR,SAADR,Rp,3
AVAR,SAAVR,Rp,9
AVAR,SAAVR,R,4
AVAR,SABD,Sp,1
AVAR,SABVL,Sp,2
AVAR,SABVL,S,1
AVAR,SABVL,EJ,3
AVAR,SABVR,EJ,1
AVAR,SDQL,Rp,3
AVAR,SMBDL,Rp,1
AVAR,URYDR,EJ,1
AVAR,URYVL,EJ,1
AVAR,VA10,Sp,4
AVAR,VA10,EJ,1
AVAR,VA11,Sp,8
AVAR,VA11,EJ,7
AVAR,VA12,EJ,1
AVAR,VA2,S,2
AVAR,VA3,S,5
AVAR,VA3,EJ,2
AVAR,VA4,S,2
AVAR,VA4,EJ,3
AVAR,VA5,S,1
AVAR,VA5,EJ,3
AVAR,VA6,S,3
AVAR,VA6,EJ,2
AVAR,VA7,EJ,4
AVAR,VA8,Sp,1
AVAR,VA8,S,11
AVAR,VA8,EJ,4
AVAR,VA9,Sp,2
AVAR,VA9,S,4
AVAR,VB9,EJ,4
AVAR,VD11,R,2
AVAR,VD13,Sp,2
AVAR,VD13,Rp,2
AVAR,VD5,R,1
AVBL,ADAL,Rp,4
AVBL,ADAR,Rp,1
AVBL,ADAR,R,1
AVBL,ADLL,Rp,2
AVBL,ADLL,R,2
AVBL,ADLR,R,1
AVBL,AIBL,Rp,4
AVBL,AIBL,R,1
AVBL,AQR,Rp,2
AVBL,AQR,R,1
AVBL,AQR,EJ,1
AVBL,AS10,S,1
AVBL,AS3,S,1
AVBL,AS4,S,1
AVBL,AS5,S,1
AVBL,AS6,S,1
AVBL,AS7,EJ,2
AVBL,AS9,S,1
AVBL,ASHL,Rp,6
AVBL,AVAL,Sp,1
AVBL,AVAL,S,6
AVBL,AVAR,Sp,2
AVBL,AVAR,S,5
AVBL,AVAR,R,1
AVBL,AVBR,Sp,1
AVBL,AVBR,Rp,1
AVBL,AVBR,EJ,3
AVBL,AVDL,Sp,1
AVBL,AVDR,Sp,2
AVBL,AVDR,R,1
AVBL,AVEL,S,1
AVBL,AVER,Sp,2
AVBL,AVFL,Rp,1
AVBL,AVFR,Rp,1
AVBL,AVG,Rp,1
AVBL,AVG,R,1
AVBL,AVHL,R,1
AVBL,AVHR,Rp,2
AVBL,AVJL,Rp,1
AVBL,AVJR,Rp,2
AVBL,AVJR,R,1
AVBL,AVKL,Rp,1
AVBL,AVL,S,1
AVBL,AVM,Rp,6
AVBL,AWBL,R,1
AVBL,DB3,EJ,1
AVBL,DB4,EJ,1
AVBL,DB5,EJ,1
AVBL,DB6,EJ,2
AVBL,DB7,EJ,2
AVBL,DVA,Rp,1
AVBL,DVA,EJ,1
AVBL,DVC,Rp,1
AVBL,FLPL,Rp,3
AVBL,FLPL,R,1
AVBL,FLPR,Rp,5
AVBL,PVCL,Rp,5
AVBL,PVCR,Rp,6
AVBL,PVCR,R,2
AVBL,PVNR,Sp,1
AVBL,PVNR,Rp,1
AVBL,PVPL,Rp,3
AVBL,PVPL,R,2
AVBL,PVPR,Rp,4
AVBL,PVQR,Rp,1
AVBL,PVR,Rp,4
AVBL,RIBL,EJ,1
AVBL,RIBR,EJ,1
AVBL,RID,EJ,1
AVBL,RIFL,Rp,10
AVBL,RIFR,Rp,1
AVBL,RIML,Rp,2
AVBL,RIMR,Rp,2
AVBL,SDQR,Rp,4
AVBL,SDQR,R,2
AVBL,SDQR,EJ,1
AVBL,SIBVL,EJ,1
AVBL,URBL,R,1
AVBL,URXL,Rp,1
AVBL,URXR,Rp,1
AVBL,VA10,S,1
AVBL,VA2,S,1
AVBL,VA7,S,1
AVBL,VB1,EJ,1
AVBL,VB10,EJ,2
AVBL,VB11,EJ,2
AVBL,VB2,S,1
AVBL,VB2,EJ,3
AVBL,VB4,EJ,1
AVBL,VB5,EJ,1
AVBL,VB6,EJ,1
AVBL,VB7,EJ,2
AVBL,VB8,EJ,7
AVBL,VB9,EJ,1
AVBL,VC3,S,1
AVBL,VC4,Rp,1
AVBR,ADAL,Rp,5
AVBR,ADAL,R,2
AVBR,ADAR,Rp,5
AVBR,ADLR,R,2
AVBR,AIBR,Rp,3
AVBR,AIML,Rp,2
AVBR,AQR,Rp,4
AVBR,AS1,S,1
AVBR,AS10,S,1
AVBR,AS3,S,1
AVBR,AS4,S,1
AVBR,AS5,S,1
AVBR,AS6,S,1
AVBR,AS6,EJ,1
AVBR,AS7,S,1
AVBR,AS7,EJ,2
AVBR,ASHR,Rp,3
AVBR,AVAL,Sp,1
AVBR,AVAL,S,5
AVBR,AVAL,Rp,1
AVBR,AVAR,Sp,2
AVBR,AVAR,S,5
AVBR,AVBL,Sp,1
AVBR,AVBL,Rp,1
AVBR,AVBL,EJ,3
AVBR,AVFL,Rp,2
AVBR,AVFR,Rp,2
AVBR,AVFR,R,3
AVBR,AVG,R,2
AVBR,AVHL,Rp,1
AVBR,AVHR,Rp,1
AVBR,AVJL,Rp,4
AVBR,AVJR,Rp,1
AVBR,AVM,Rp,4
AVBR,AVM,R,2
AVBR,AWBR,Rp,2
AVBR,DA5,S,1
AVBR,DB1,EJ,3
AVBR,DB2,EJ,1
AVBR,DB3,EJ,1
AVBR,DB4,EJ,1
AVBR,DB5,EJ,1
AVBR,DB6,EJ,1
AVBR,DB7,EJ,1
AVBR,DD1,EJ,1
AVBR,DVA,EJ,1
AVBR,FLPL,Rp,4
AVBR,FLPL,R,1
AVBR,FLPR,Rp,1
AVBR,HSNR,S,1
AVBR,PVCL,Rp,11
AVBR,PVCL,R,1
AVBR,PVCR,Rp,6
AVBR,PVNL,R,1
AVBR,PVNL,EJ,2
AVBR,PVNR,Rp,2
AVBR,PVPL,Rp,6
AVBR,PVPR,Rp,5
AVBR,PVR,Rp,4
AVBR,RIBL,Rp,1
AVBR,RIBL,EJ,1
AVBR,RIBR,EJ,1
AVBR,RID,EJ,2
AVBR,RIFL,Rp,1
AVBR,RIFR,Rp,14
AVBR,RIFR,R,3
AVBR,RIML,Rp,3
AVBR,RIMR,Rp,4
AVBR,RIMR,R,1
AVBR,RMGL,Rp,2
AVBR,RMGR,Rp,1
AVBR,SDQR,Rp,4
AVBR,SIBVL,EJ,1
AVBR,URBR,Rp,1
AVBR,URXR,Rp,2
AVBR,URYVL,Rp,1
AVBR,VA4,S,1
AVBR,VA8,EJ,1
AVBR,VA9,S,1
AVBR,VA9,EJ,1
AVBR,VB10,EJ,1
AVBR,VB11,EJ,1
AVBR,VB2,EJ,1
AVBR,VB3,EJ,1
AVBR,VB4,EJ,1
AVBR,VB6,EJ,2
AVBR,VB7,EJ,2
AVBR,VB8,EJ,3
AVBR,VB9,EJ,6
AVBR,VD10,EJ,1
AVBR,VD3,S,1
AVDL,ADAL,Rp,1
AVDL,ADAR,EJ,2
AVDL,ADLL,Rp,1
AVDL,ADLR,Rp,4
AVDL,ADLR,R,1
AVDL,AIML,Rp,1
AVDL,AQR,Rp,1
AVDL,AS1,S,1
AVDL,AS10,Sp,1
AVDL,AS11,Sp,2
AVDL,AS4,Sp,1
AVDL,AS5,S,1
AVDL,ASHL,Rp,2
AVDL,ASHR,Rp,4
AVDL,ASHR,R,1
AVDL,AVAL,Sp,12
AVDL,AVAL,S,1
AVDL,AVAL,R,1
AVDL,AVAR,Sp,17
AVDL,AVAR,S,2
AVDL,AVAR,R,1
AVDL,AVBL,Rp,1
AVDL,AVDR,Rp,2
AVDL,AVHL,Rp,1
AVDL,AVJL,Rp,1
AVDL,AVJR,Rp,1
AVDL,AVM,EJ,2
AVDL,DA1,Sp,1
AVDL,DA2,S,1
AVDL,DA3,S,4
AVDL,DA4,Sp,1
AVDL,DA4,S,1
AVDL,DA5,Sp,1
AVDL,DA8,S,1
AVDL,FLPL,Rp,6
AVDL,FLPL,EJ,1
AVDL,FLPR,Rp,8
AVDL,FLPR,R,2
AVDL,FLPR,EJ,1
AVDL,LUAL,Sp,1
AVDL,LUAL,Rp,4
AVDL,LUAR,Rp,1
AVDL,PHBL,Rp,1
AVDL,PHBR,Rp,1
AVDL,PLMR,R,1
AVDL,PQR,Rp,7
AVDL,PVCL,Sp,1
AVDL,PVCL,Rp,5
AVDL,PVCR,Rp,5
AVDL,PVNL,Rp,3
AVDL,RMGR,Rp,1
AVDL,SABD,Sp,1
AVDL,SABD,S,1
AVDL,SABVL,Sp,1
AVDL,SABVR,Sp,1
AVDL,VA4,R,1
AVDL,VA5,Sp,1
AVDL,VA5,S,1
AVDR,ADAL,EJ,2
AVDR,ADER,Rp,2
AVDR,ADLL,Rp,4
AVDR,ADLL,EJ,1
AVDR,ADLR,Rp,2
AVDR,AIML,Rp,1
AVDR,AIMR,Rp,1
AVDR,ALML,Rp,1
AVDR,AQR,Rp,1
AVDR,AS10,S,1
AVDR,AS5,S,1
AVDR,ASHL,Rp,2
AVDR,ASHL,R,2
AVDR,ASHR,Rp,1
AVDR,AUAL,Rp,1
AVDR,AVAL,Sp,13
AVDR,AVAL,S,3
AVDR,AVAR,Sp,14
AVDR,AVAR,S,1
AVDR,AVAR,Rp,2
AVDR,AVBL,S,1
AVDR,AVBL,Rp,2
AVDR,AVDL,Sp,2
AVDR,AVER,Rp,1
AVDR,AVG,R,1
AVDR,AVHR,Rp,1
AVDR,AVJL,EJ,2
AVDR,AVJR,Rp,2
AVDR,AVJR,R,1
AVDR,DA1,Sp,2
AVDR,DA2,S,1
AVDR,DA3,Sp,1
AVDR,DA3,S,1
AVDR,DA4,Sp,1
AVDR,DA4,S,1
AVDR,DA5,S,2
AVDR,DA8,Sp,1
AVDR,DA9,S,1
AVDR,DB4,S,1
AVDR,DVC,S,1
AVDR,FLPL,Rp,13
AVDR,FLPR,Rp,1
AVDR,FLPR,EJ,1
AVDR,HSNL,Rp,2
AVDR,HSNR,Rp,1
AVDR,LUAL,Sp,2
AVDR,LUAL,Rp,2
AVDR,LUAR,Rp,3
AVDR,PHAL,Rp,1
AVDR,PHBR,Rp,1
AVDR,PLMR,Rp,4
AVDR,PQR,S,1
AVDR,PQR,Rp,6
AVDR,PVCL,Rp,2
AVDR,PVCR,Rp,1
AVDR,PVNL,Rp,3
AVDR,PVNR,Rp,1
AVDR,PVPL,Rp,2
AVDR,PVWR,Rp,1
AVDR,RIBL,Rp,1
AVDR,SABD,Sp,1
AVDR,SABVL,Sp,3
AVDR,SABVR,Sp,1
AVDR,VA11,Sp,1
AVDR,VA2,S,1
AVDR,VA3,S,2
AVDR,VA6,Sp,1
AVEL,ADAL,Rp,1
AVEL,ADAR,Rp,1
AVEL,ADEL,Rp,1
AVEL,AIBR,Rp,1
AVEL,AIZR,Rp,4
AVEL,ALA,Rp,2
AVEL,ALML,Rp,1
AVEL,AS1,Sp,1
AVEL,AUAL,Rp,3
AVEL,AVAL,Sp,10
AVEL,AVAL,S,2
AVEL,AVAR,Sp,3
AVEL,AVAR,S,4
AVEL,AVAR,Rp,2
AVEL,AVBL,R,1
AVEL,AVER,EJ,1
AVEL,AVG,Rp,1
AVEL,AVJL,R,1
AVEL,AVKL,Rp,2
AVEL,AVL,Rp,1
AVEL,BAGL,Rp,1
AVEL,BAGR,Rp,2
AVEL,BAGR,R,2
AVEL,CEPDR,Rp,6
AVEL,CEPVR,Rp,4
AVEL,CEPVR,R,1
AVEL,DA1,Sp,5
AVEL,DA2,Sp,1
AVEL,DA3,Sp,2
AVEL,DA3,S,1
AVEL,DA4,Sp,1
AVEL,DVA,Rp,6
AVEL,DVA,R,3
AVEL,FLPR,Rp,4
AVEL,IL1R,Rp,1
AVEL,IL2L,Rp,1
AVEL,OLLR,Rp,15
AVEL,OLLR,R,1
AVEL,PVCL,Rp,2
AVEL,PVCR,Sp,1
AVEL,PVCR,Rp,1
AVEL,PVNL,R,1
AVEL,PVNR,Rp,1
AVEL,PVNR,R,2
AVEL,PVT,Sp,1
AVEL,RIBL,Rp,1
AVEL,RIBL,R,1
AVEL,RIBR,Rp,1
AVEL,RIBR,R,2
AVEL,RIGL,Rp,1
AVEL,RIGL,R,1
AVEL,RIML,EJ,2
AVEL,RIMR,EJ,3
AVEL,RIS,Rp,7
AVEL,RMDVR,EJ,1
AVEL,RMEV,EJ,1
AVEL,RMGL,Rp,2
AVEL,SABD,Sp,6
AVEL,SABVL,Sp,7
AVEL,SABVR,Sp,3
AVEL,SDQL,Rp,1
AVEL,URXL,Rp,1
AVEL,URXL,R,3
AVEL,URYDR,Rp,2
AVEL,URYVR,Rp,6
AVEL,VA1,Sp,5
AVEL,VA3,Sp,2
AVEL,VA3,S,1
AVEL,VD2,Sp,1
AVEL,VD3,Sp,1
AVER,ADER,R,1
AVER,AIML,Rp,1
AVER,AIZL,Rp,5
AVER,AIZR,Rp,1
AVER,AIZR,R,1
AVER,ALA,Rp,1
AVER,ALA,R,1
AVER,AS1,Sp,2
AVER,AS1,S,1
AVER,AS2,Sp,2
AVER,AS3,S,1
AVER,ASHR,Rp,3
AVER,AUAR,Rp,3
AVER,AUAR,R,1
AVER,AVAL,Sp,5
AVER,AVAL,S,2
AVER,AVAR,Sp,16
AVER,AVAR,Rp,2
AVER,AVBL,Rp,2
AVER,AVDR,Sp,1
AVER,AVEL,EJ,1
AVER,AVG,Rp,1
AVER,AVJR,Rp,2
AVER,AVJR,R,1
AVER,AVKL,Rp,1
AVER,BAGL,Rp,3
AVER,BAGL,R,1
AVER,CEPDL,Rp,4
AVER,CEPDL,R,1
AVER,CEPVL,Rp,2
AVER,CEPVL,R,1
AVER,DA1,Sp,5
AVER,DA2,Sp,2
AVER,DA2,S,1
AVER,DA3,S,1
AVER,DB3,Sp,1
AVER,DVA,Rp,3
AVER,DVA,R,2
AVER,FLPR,Rp,2
AVER,IL1L,Rp,2
AVER,IL1R,Rp,1
AVER,OLLL,Rp,18
AVER,OLLL,R,3
AVER,PVCL,Rp,1
AVER,PVCR,Rp,1
AVER,PVPL,Rp,1
AVER,RIBL,Rp,2
AVER,RIBL,R,3
AVER,RIBR,Rp,1
AVER,RIBR,R,1
AVER,RIGL,Rp,1
AVER,RIGR,R,2
AVER,RIML,EJ,3
AVER,RIMR,EJ,2
AVER,RIS,Rp,7
AVER,RMDVL,EJ,1
AVER,RMDVR,EJ,1
AVER,RMEV,EJ,1
AVER,RMGR,Rp,3
AVER,SABD,Sp,2
AVER,SABVL,Sp,3
AVER,SABVR,Sp,3
AVER,URXR,R,2
AVER,URYDL,Rp,2
AVER,URYDR,Rp,2
AVER,URYVL,Rp,5
AVER,VA1,Sp,1
AVER,VA2,Sp,1
AVER,VA3,S,2
AVER,VA4,Sp,1
AVER,VA5,S,1
AVFL,AIML,Rp,3
AVFL,AIML,R,1
AVFL,AIMR,Rp,1
AVFL,AIMR,R,1
AVFL,AVBL,Sp,1
AVFL,AVBR,Sp,2
AVFL,AVFR,Sp,6
AVFL,AVFR,S,1
AVFL,AVFR,Rp,1
AVFL,AVFR,EJ,23
AVFL,AVG,Sp,1
AVFL,AVG,S,1
AVFL,AVG,R,1
AVFL,AVHL,Sp,2
AVFL,AVHL,Rp,1
AVFL,AVHL,EJ,2
AVFL,AVHR,Sp,1
AVFL,AVHR,S,3
AVFL,AVHR,Rp,2
AVFL,AVHR,EJ,3
AVFL,AVJL,Sp,1
AVFL,AVJR,S,1
AVFL,AVL,Sp,1
AVFL,HSNL,Sp,1
AVFL,HSNL,Rp,5
AVFL,HSNL,R,1
AVFL,HSNR,Rp,1
AVFL,HSNR,R,1
AVFL,NMJ,NMJ,2
AVFL,PDER,Sp,1
AVFL,PHAL,Rp,3
AVFL,PHBR,Rp,1
AVFL,PVNL,Sp,2
AVFL,PVQL,Sp,1
AVFL,PVQR,Sp,1
AVFL,PVQR,EJ,1
AVFL,RIFR,Rp,1
AVFL,VB1,Sp,0
AVFL,VB1,S,1
AVFL,VC5,R,1
AVFR,AIML,Rp,1
AVFR,AIMR,Rp,1
AVFR,AIMR,R,1
AVFR,ASJL,Sp,1
AVFR,ASKL,Sp,1
AVFR,AVBL,Sp,1
AVFR,AVBR,Sp,2
AVFR,AVBR,S,3
AVFR,AVFL,Sp,1
AVFR,AVFL,Rp,6
AVFR,AVFL,R,1
AVFR,AVFL,EJ,23
AVFR,AVHL,Sp,2
AVFR,AVHL,Rp,3
AVFR,AVHL,EJ,2
AVFR,AVHR,S,1
AVFR,AVHR,Rp,1
AVFR,AVHR,EJ,1
AVFR,AVJL,Sp,1
AVFR,AVJL,S,1
AVFR,AVJL,Rp,1
AVFR,AVJR,Sp,1
AVFR,AVL,Rp,1
AVFR,HSNR,S,1
AVFR,NMJ,NMJ,4
AVFR,PVNL,Rp,1
AVFR,PVQL,Sp,1
AVFR,PVQR,Rp,1
AVFR,VC4,EJ,1
AVFR,VC5,R,1
AVFR,VD11,S,1
AVG,AVAR,Sp,2
AVG,AVAR,S,1
AVG,AVBL,Sp,1
AVG,AVBL,S,1
AVG,AVBR,S,2
AVG,AVDR,S,1
AVG,AVEL,Sp,1
AVG,AVER,Sp,1
AVG,AVFL,S,1
AVG,AVFL,Rp,1
AVG,AVFL,R,1
AVG,AVJL,Sp,1
AVG,AVL,Sp,1
AVG,DA8,Sp,1
AVG,PHAL,Sp,2
AVG,PHAL,Rp,4
AVG,PHAL,R,1
AVG,PHAR,Rp,2
AVG,PHAR,R,1
AVG,PQR,R,1
AVG,PVCL,Sp,1
AVG,PVNL,Rp,1
AVG,PVNR,Sp,1
AVG,PVNR,S,1
AVG,PVPR,Sp,1
AVG,PVQR,Sp,1
AVG,PVT,S,1
AVG,RIFL,EJ,1
AVG,RIFR,EJ,1
AVG,VA11,S,1
AVHL,ADFR,Sp,3
AVHL,AIML,Rp,2
AVHL,AVAL,Rp,1
AVHL,AVBL,S,1
AVHL,AVBR,Sp,1
AVHL,AVDL,Sp,1
AVHL,AVFL,Sp,1
AVHL,AVFL,Rp,2
AVHL,AVFL,EJ,2
AVHL,AVFR,Sp,3
AVHL,AVFR,Rp,2
AVHL,AVFR,EJ,2
AVHL,AVHR,Sp,1
AVHL,AVHR,Rp,1
AVHL,AVHR,EJ,1
AVHL,AVJL,Sp,1
AVHL,AVJL,S,2
AVHL,AVJL,Rp,2
AVHL,AWBR,Sp,1
AVHL,BDUL,Rp,1
AVHL,BDUR,Rp,1
AVHL,PHAL,Rp,1
AVHL,PHBR,EJ,1
AVHL,PVPR,Sp,2
AVHL,PVPR,Rp,3
AVHL,PVQL,S,1
AVHL,PVQR,Sp,2
AVHL,RIFR,Rp,1
AVHL,RIMR,Sp,1
AVHL,RIR,Sp,3
AVHL,SMBDR,Sp,1
AVHL,SMBVR,Sp,2
AVHL,VD1,Sp,1
AVHR,ADLL,Sp,1
AVHR,ADLR,Sp,2
AVHR,AIML,Rp,1
AVHR,AQR,Sp,2
AVHR,AVBL,Sp,2
AVHR,AVBR,Sp,1
AVHR,AVDR,Sp,1
AVHR,AVFL,Sp,2
AVHR,AVFL,Rp,1
AVHR,AVFL,R,3
AVHR,AVFL,EJ,3
AVHR,AVFR,Sp,1
AVHR,AVFR,R,1
AVHR,AVFR,EJ,1
AVHR,AVHL,Sp,1
AVHR,AVHL,Rp,1
AVHR,AVHL,EJ,1
AVHR,AVJR,Sp,4
AVHR,PHAL,Rp,1
AVHR,PHAR,Rp,1
AVHR,PHCR,Rp,1
AVHR,PVNL,Sp,1
AVHR,PVPL,Sp,3
AVHR,PVPL,Rp,1
AVHR,RIFL,Rp,1
AVHR,RIGL,Sp,1
AVHR,RIR,Sp,3
AVHR,RIR,S,1
AVHR,SMBDL,Sp,1
AVHR,SMBVL,Sp,1
AVHR,VC4,R,1
AVJL,ADAR,Rp,2
AVJL,ADAR,R,1
AVJL,ADLL,Rp,1
AVJL,AIML,Rp,1
AVJL,AQR,Rp,1
AVJL,AVAL,EJ,2
AVJL,AVAR,Sp,1
AVJL,AVBL,Sp,1
AVJL,AVBR,Sp,4
AVJL,AVDL,Sp,1
AVJL,AVDR,EJ,2
AVJL,AVEL,S,1
AVJL,AVFL,Rp,1
AVJL,AVFR,Sp,1
AVJL,AVFR,Rp,2
AVJL,AVG,Rp,1
AVJL,AVHL,Sp,2
AVJL,AVHL,Rp,1
AVJL,AVHL,R,2
AVJL,AVJR,Rp,1
AVJL,AVJR,EJ,4
AVJL,BDUR,Rp,2
AVJL,HSNL,Rp,1
AVJL,HSNL,R,1
AVJL,HSNR,S,1
AVJL,HSNR,Rp,1
AVJL,LUAL,Rp,1
AVJL,PLMR,Sp,2
AVJL,PVCL,Sp,1
AVJL,PVCL,Rp,2
AVJL,PVCL,R,1
AVJL,PVCL,EJ,1
AVJL,PVCR,Sp,2
AVJL,PVCR,EJ,3
AVJL,PVNL,Rp,5
AVJL,PVNR,Sp,1
AVJL,PVNR,Rp,4
AVJL,PVR,Rp,2
AVJL,PVR,R,1
AVJL,PVWL,Rp,1
AVJL,RIFR,Sp,1
AVJL,RIFR,Rp,1
AVJL,RIMR,Rp,1
AVJL,RIS,Sp,1
AVJL,RIS,EJ,1
AVJL,RMGR,Rp,1
AVJR,ADAL,Rp,5
AVJR,ADER,Rp,1
AVJR,ADLL,Rp,3
AVJR,ADLR,Rp,1
AVJR,ADLR,R,1
AVJR,AVAL,Sp,1
AVJR,AVAR,Sp,1
AVJR,AVBL,Sp,2
AVJR,AVBL,S,1
AVJR,AVBR,Sp,1
AVJR,AVDL,Sp,1
AVJR,AVDR,Sp,2
AVJR,AVDR,S,1
AVJR,AVER,Sp,2
AVJR,AVER,S,1
AVJR,AVFL,R,1
AVJR,AVFR,Rp,1
AVJR,AVHR,Rp,4
AVJR,AVJL,Sp,1
AVJR,AVJL,EJ,4
AVJR,AVM,Rp,1
AVJR,BDUL,Rp,1
AVJR,FLPR,R,1
AVJR,LUAR,Rp,1
AVJR,PVCL,Sp,2
AVJR,PVCL,R,1
AVJR,PVCL,EJ,1
AVJR,PVCR,Sp,3
AVJR,PVCR,S,1
AVJR,PVNL,Rp,3
AVJR,PVNL,R,2
AVJR,PVNR,Rp,1
AVJR,PVQR,S,1
AVJR,PVR,Rp,2
AVJR,RIFL,Rp,2
AVJR,RIFR,Rp,2
AVJR,SABVL,Sp,1
AVJR,URXL,Rp,1
AVKL,ADER,Rp,1
AVKL,ADER,R,1
AVKL,ADER,EJ,1
AVKL,AQR,EJ,2
AVKL,AVBL,Sp,1
AVKL,AVEL,Sp,2
AVKL,AVER,Sp,1
AVKL,AVKR,EJ,2
AVKL,AVM,S,1
AVKL,DVA,S,1
AVKL,DVC,Rp,2
AVKL,PDEL,Sp,1
AVKL,PDEL,S,2
AVKL,PDEL,Rp,5
AVKL,PDEL,R,1
AVKL,PDER,Sp,1
AVKL,PDER,Rp,16
AVKL,PVM,S,1
AVKL,PVM,Rp,4
AVKL,PVM,R,7
AVKL,PVPL,EJ,1
AVKL,PVPR,EJ,1
AVKL,PVR,R,1
AVKL,PVT,Rp,5
AVKL,PVT,R,2
AVKL,PVT,EJ,2
AVKL,RICL,EJ,1
AVKL,RICR,EJ,1
AVKL,RIGL,EJ,1
AVKL,RIGR,Rp,4
AVKL,RIML,Sp,2
AVKL,RIMR,Sp,1
AVKL,RIMR,Rp,1
AVKL,RIS,R,1
AVKL,RMDR,Rp,1
AVKL,RMFL,Rp,4
AVKL,RMFR,Sp,1
AVKL,RMFR,Rp,3
AVKL,SAADR,S,1
AVKL,SIAVR,Sp,1
AVKL,SMBDL,EJ,1
AVKL,SMBDR,EJ,1
AVKL,SMBVR,EJ,1
AVKL,SMDDR,Sp,1
AVKL,VB1,EJ,4
AVKL,VB10,EJ,1
AVKR,ADEL,EJ,1
AVKR,ADER,Rp,1
AVKR,AQR,EJ,1
AVKR,AVKL,EJ,2
AVKR,BDUL,S,1
AVKR,DVC,Rp,1
AVKR,NMJ,NMJ,1
AVKR,NMJ,NMJ,1
AVKR,PVPL,EJ,6
AVKR,PVQL,S,1
AVKR,PVT,Rp,7
AVKR,RICL,Rp,1
AVKR,RICL,EJ,1
AVKR,RIGL,Rp,2
AVKR,RIGR,Rp,1
AVKR,RIGR,EJ,1
AVKR,RIML,Sp,2
AVKR,RIMR,Sp,2
AVKR,RIS,Rp,4
AVKR,RMDR,S,1
AVKR,RMFL,Sp,1
AVKR,RMFL,Rp,4
AVKR,RMFR,Rp,3
AVKR,SAADL,Sp,1
AVKR,SMBDL,S,1
AVKR,SMBDL,EJ,1
AVKR,SMBDR,EJ,2
AVKR,SMBVR,EJ,1
AVKR,SMDDL,Sp,1
AVKR,SMDDR,Sp,2
AVL,ADEL,R,1
AVL,AVBL,R,1
AVL,AVEL,Sp,1
AVL,AVFL,Rp,1
AVL,AVFR,Sp,1
AVL,AVG,Rp,1
AVL,DA2,S,1
AVL,DD1,S,1
AVL,DD6,Sp,2
AVL,DVB,Rp,3
AVL,DVB,R,2
AVL,DVB,EJ,1
AVL,DVC,EJ,9
AVL,HSNR,S,1
AVL,HSNR,R,1
AVL,NMJ,NMJ,10
AVL,PVCR,R,1
AVL,PVM,EJ,1
AVL,PVNL,Rp,2
AVL,PVNR,Rp,2
AVL,PVPR,S,1
AVL,PVPR,Rp,3
AVL,PVPR,R,1
AVL,PVQR,Rp,1
AVL,PVT,Rp,2
AVL,PVWL,Sp,1
AVL,RIS,Rp,2
AVL,SABD,Sp,4
AVL,SABD,S,1
AVL,SABVL,Sp,4
AVL,SABVR,Sp,3
AVL,VC1,Rp,2
AVL,VC3,Rp,1
AVL,VD12,Sp,4
AVM,ADER,Sp,1
AVM,ADER,S,1
AVM,ALML,EJ,1
AVM,ALMR,EJ,1
AVM,AVBL,Sp,6
AVM,AVBR,Sp,4
AVM,AVBR,S,2
AVM,AVDL,EJ,2
AVM,AVJR,Sp,1
AVM,AVKL,R,1
AVM,BDUL,Sp,1
AVM,BDUL,S,2
AVM,BDUR,Sp,2
AVM,BDUR,S,2
AVM,DA1,Sp,1
AVM,PVCL,Sp,4
AVM,PVCR,Sp,4
AVM,PVCR,S,1
AVM,PVM,Rp,1
AVM,PVNL,Sp,1
AVM,PVR,Sp,3
AVM,RID,Sp,1
AVM,SIBVL,Sp,1
AVM,VA1,Sp,2
AWAL,ADAL,S,1
AWAL,AFDL,Sp,4
AWAL,AFDL,S,1
AWAL,AIAL,EJ,1
AWAL,AIYL,Sp,1
AWAL,AIYL,Rp,3
AWAL,AIZL,Sp,7
AWAL,AIZL,S,3
AWAL,ASEL,Sp,4
AWAL,ASGL,Sp,1
AWAL,AWAR,EJ,1
AWAL,AWBL,Sp,1
AWAR,ADFR,Sp,3
AWAR,AFDR,Sp,6
AWAR,AFDR,S,1
AWAR,AIAR,Rp,1
AWAR,AIAR,EJ,1
AWAR,AIYR,Sp,2
AWAR,AIYR,Rp,1
AWAR,AIZR,Sp,5
AWAR,AIZR,S,2
AWAR,AIZR,EJ,1
AWAR,ASEL,Sp,1
AWAR,ASER,Sp,2
AWAR,ASER,Rp,1
AWAR,ASKR,Rp,1
AWAR,AUAR,S,1
AWAR,AWAL,EJ,1
AWAR,AWBR,Sp,1
AWAR,PVQR,Rp,2
AWAR,RIFR,Sp,2
AWAR,RIGR,S,1
AWAR,RIR,Sp,2
AWBL,ADFL,Sp,8
AWBL,ADFL,S,1
AWBL,ADLL,R,2
AWBL,AIBR,Sp,1
AWBL,AIZL,Sp,6
AWBL,AIZL,S,3
AWBL,AUAL,EJ,1
AWBL,AVBL,S,1
AWBL,AWAL,Rp,1
AWBL,AWBR,EJ,1
AWBL,HSNL,Rp,1
AWBL,HSNL,R,1
AWBL,HSNR,Rp,1
AWBL,RIAL,Sp,2
AWBL,RIAL,S,1
AWBL,RMGL,EJ,1
AWBL,SMBDL,Sp,1
AWBR,ADFR,Sp,3
AWBR,ADFR,S,1
AWBR,ADFR,R,1
AWBR,AIZR,Sp,3
AWBR,AIZR,S,1
AWBR,ASGR,S,1
AWBR,ASHR,Sp,2
AWBR,AUAR,EJ,1
AWBR,AVBR,Sp,2
AWBR,AVHL,Rp,1
AWBR,AWAR,Rp,1
AWBR,AWBL,EJ,1
AWBR,HSNL,Rp,2
AWBR,RIAR,Sp,1
AWBR,RICL,EJ,1
AWBR,RIR,Sp,2
AWBR,RIR,Rp,1
AWBR,RMGR,EJ,1
AWBR,SMBVR,Sp,1
AWCL,AIAL,S,2
AWCL,AIAR,Sp,1
AWCL,AIAR,S,3
AWCL,AIAR,Rp,1
AWCL,AIBL,Sp,1
AWCL,AIBL,S,1
AWCL,AIBR,Sp,1
AWCL,AIYL,Sp,3
AWCL,AIYL,S,7
AWCL,AIYL,Rp,1
AWCL,ASEL,Sp,1
AWCL,ASEL,Rp,4
AWCL,ASER,Rp,1
AWCL,ASIL,Rp,1
AWCL,ASIL,R,1
AWCL,ASIR,Rp,1
AWCL,AVAL,Sp,1
AWCL,AWCR,Sp,1
AWCL,AWCR,Rp,4
AWCL,AWCR,R,1
AWCL,RIAL,Sp,1
AWCL,RIAL,S,2
AWCR,ADLR,Rp,3
AWCR,AIAL,Rp,1
AWCR,AIAR,Sp,1
AWCR,AIAR,S,1
AWCR,AIAR,Rp,2
AWCR,AIAR,R,1
AWCR,AIBR,Sp,4
AWCR,AIYL,Sp,3
AWCR,AIYL,S,1
AWCR,AIYL,Rp,1
AWCR,AIYR,Sp,6
AWCR,AIYR,S,3
AWCR,ASEL,Sp,1
AWCR,ASEL,Rp,1
AWCR,ASER,Rp,1
AWCR,ASGR,Sp,1
AWCR,ASIL,Rp,1
AWCR,ASIL,R,1
AWCR,ASIR,Rp,1
AWCR,ASIR,R,1
AWCR,AWCL,Sp,4
AWCR,AWCL,S,1
AWCR,AWCL,Rp,1
BAGL,AIBL,Sp,1
BAGL,AINL,Rp,3
BAGL,AQR,Rp,2
BAGL,AVAR,Sp,1
BAGL,AVAR,S,1
BAGL,AVEL,Sp,1
BAGL,AVER,Sp,3
BAGL,AVER,S,1
BAGL,BAGR,Sp,1
BAGL,BAGR,EJ,1
BAGL,RIAR,Sp,3
BAGL,RIAR,S,2
BAGL,RIBL,S,1
BAGL,RIBR,Sp,6
BAGL,RIBR,S,1
BAGL,RIBR,Rp,1
BAGL,RIBR,R,1
BAGL,RIGL,S,1
BAGL,RIGR,Sp,1
BAGL,RIGR,S,3
BAGL,RIGR,EJ,1
BAGL,RIR,EJ,1
BAGR,AINR,Rp,3
BAGR,AIYL,Sp,1
BAGR,AQR,Rp,2
BAGR,AVAL,Sp,1
BAGR,AVAL,S,1
BAGR,AVEL,Sp,2
BAGR,AVEL,S,2
BAGR,BAGL,Rp,1
BAGR,BAGL,EJ,1
BAGR,IL2VL,Rp,1
BAGR,RIAL,Sp,3
BAGR,RIAL,S,2
BAGR,RIBL,Sp,3
BAGR,RIBL,S,1
BAGR,RIBL,Rp,1
BAGR,RIGL,Sp,3
BAGR,RIGL,S,2
BAGR,RIGL,Rp,1
BAGR,RIGL,EJ,1
BAGR,RIH,Rp,1
BAGR,RIR,Rp,1
BAGR,RIR,EJ,1
BDUL,ADEL,S,3
BDUL,ADEL,Rp,1
BDUL,ALML,Rp,1
BDUL,ALML,R,5
BDUL,AVHL,Sp,1
BDUL,AVJR,Sp,1
BDUL,AVKR,R,1
BDUL,AVM,Rp,1
BDUL,AVM,R,2
BDUL,HSNL,Sp,1
BDUL,PVNL,S,2
BDUL,PVNL,Rp,1
BDUL,PVNL,R,1
BDUL,PVNR,Sp,2
BDUL,PVNR,Rp,1
BDUL,SAADL,Sp,1
BDUL,URADL,Sp,1
BDUR,ADER,S,1
BDUR,ALMR,Sp,1
BDUR,ALMR,R,5
BDUR,AVAL,Sp,3
BDUR,AVHL,Sp,1
BDUR,AVJL,Sp,2
BDUR,AVM,Rp,2
BDUR,AVM,R,2
BDUR,CEPDR,R,1
BDUR,HSNR,Sp,3
BDUR,HSNR,S,1
BDUR,HSNR,Rp,1
BDUR,PVCL,Sp,1
BDUR,PVCL,S,1
BDUR,PVNL,Sp,2
BDUR,PVNL,S,2
BDUR,PVNL,Rp,2
BDUR,PVNR,Sp,1
BDUR,PVNR,Rp,2
BDUR,PVNR,R,2
BDUR,SDQL,Sp,1
BDUR,URADR,Sp,1
CEPDL,ADEL,R,1
CEPDL,ALML,R,3
CEPDL,AVER,Sp,4
CEPDL,AVER,S,1
CEPDL,IL1DL,Sp,4
CEPDL,OLLL,Sp,2
CEPDL,OLLL,Rp,3
CEPDL,OLQDL,Sp,6
CEPDL,OLQDL,EJ,1
CEPDL,RIBL,Sp,2
CEPDL,RICL,Sp,1
CEPDL,RICL,S,1
CEPDL,RICR,Sp,2
CEPDL,RICR,S,2
CEPDL,RIH,R,1
CEPDL,RIH,EJ,1
CEPDL,RIPL,Sp,2
CEPDL,RIS,Sp,1
CEPDL,RMDVL,Sp,2
CEPDL,RMDVL,S,1
CEPDL,RMGL,Sp,3
CEPDL,RMGL,S,1
CEPDL,RMGL,Rp,1
CEPDL,RMHR,Sp,3
CEPDL,RMHR,S,1
CEPDL,SIADR,Sp,1
CEPDL,SIADR,S,1
CEPDL,SMBDR,Sp,1
CEPDL,URADL,Sp,2
CEPDL,URBL,Sp,4
CEPDL,URBL,R,1
CEPDL,URYDL,Sp,2
CEPDR,ADER,R,1
CEPDR,ALMR,R,1
CEPDR,AVEL,Sp,6
CEPDR,BDUR,S,1
CEPDR,IL1DR,Sp,5
CEPDR,IL1R,Sp,1
CEPDR,IL2DR,Rp,1
CEPDR,OLLR,Sp,7
CEPDR,OLLR,S,1
CEPDR,OLLR,Rp,1
CEPDR,OLLR,R,1
CEPDR,OLQDR,Sp,5
CEPDR,OLQDR,EJ,2
CEPDR,RIBR,Sp,1
CEPDR,RICL,Sp,4
CEPDR,RICR,Sp,3
CEPDR,RIH,R,1
CEPDR,RIH,EJ,1
CEPDR,RIS,Sp,1
CEPDR,RIS,Rp,1
CEPDR,RMDDL,Sp,1
CEPDR,RMDVR,Sp,2
CEPDR,RMGR,S,1
CEPDR,RMHL,Sp,4
CEPDR,RMHR,Sp,1
CEPDR,SIADL,S,1
CEPDR,SMBDR,Sp,1
CEPDR,URADR,Sp,1
CEPDR,URBR,Sp,2
CEPDR,URBR,R,1
CEPDR,URYDR,Sp,1
CEPVL,ADLL,Sp,1
CEPVL,ALML,Rp,2
CEPVL,AVER,Sp,2
CEPVL,AVER,S,1
CEPVL,IL1VL,Sp,2
CEPVL,OLLL,Sp,4
CEPVL,OLLL,Rp,4
CEPVL,OLQVL,Sp,6
CEPVL,OLQVL,EJ,1
CEPVL,RIAL,Rp,1
CEPVL,RICL,Sp,6
CEPVL,RICL,S,1
CEPVL,RICR,Sp,4
CEPVL,RIH,R,1
CEPVL,RIH,EJ,1
CEPVL,RIPL,Sp,1
CEPVL,RIS,Rp,2
CEPVL,RMDDL,Sp,4
CEPVL,RMHL,Sp,1
CEPVL,SIAVL,Sp,1
CEPVL,SIAVL,S,1
CEPVL,URAVL,Sp,2
CEPVR,ALMR,R,1
CEPVR,ASGR,Sp,1
CEPVR,ASKR,Rp,1
CEPVR,AVEL,Sp,4
CEPVR,AVEL,S,1
CEPVR,IL1VR,Sp,1
CEPVR,IL1VR,S,1
CEPVR,IL2VR,Sp,2
CEPVR,OLLR,Sp,6
CEPVR,OLLR,S,1
CEPVR,OLLR,Rp,6
CEPVR,OLQVR,Sp,3
CEPVR,OLQVR,EJ,1
CEPVR,RIAR,Rp,1
CEPVR,RICL,Sp,2
CEPVR,RICR,Sp,2
CEPVR,RICR,S,2
CEPVR,RIH,Rp,1
CEPVR,RIH,R,1
CEPVR,RIH,EJ,1
CEPVR,RIPR,Sp,1
CEPVR,RIS,Rp,1
CEPVR,RIVL,Sp,1
CEPVR,RMDDR,Sp,2
CEPVR,RMHR,Sp,2
CEPVR,SIAVR,Sp,2
CEPVR,URAVR,Sp,1
DA1,AS1,Rp,2
DA1,AVAL,Rp,1
DA1,AVAL,R,1
DA1,AVAL,EJ,2
DA1,AVAR,Rp,1
DA1,AVAR,R,1
DA1,AVAR,EJ,6
DA1,AVDL,Rp,1
DA1,AVDR,Rp,2
DA1,AVEL,Rp,5
DA1,AVER,Rp,5
DA1,AVM,Rp,1
DA1,DA4,EJ,1
DA1,DD1,S,4
DA1,NMJ,NMJ,16
DA1,SABVL,EJ,2
DA1,SABVR,EJ,3
DA1,VD1,S,17
DA1,VD2,S,1
DA2,AS2,EJ,1
DA2,AS3,EJ,1
DA2,AVAL,Rp,1
DA2,AVAL,R,1
DA2,AVAL,EJ,2
DA2,AVAR,Rp,2
DA2,AVAR,EJ,2
DA2,AVDL,R,1
DA2,AVDR,R,1
DA2,AVEL,Rp,1
DA2,AVER,Rp,2
DA2,AVER,R,1
DA2,AVL,R,1
DA2,DD1,S,1
DA2,DD1,Rp,2
DA2,NMJ,NMJ,15
DA2,PVCL,R,1
DA2,SABVL,EJ,1
DA2,VA1,EJ,2
DA2,VD1,S,2
DA2,VD2,S,11
DA2,VD3,S,5
DA3,AS3,Rp,1
DA3,AS4,S,1
DA3,AS4,EJ,1
DA3,AVAL,Rp,5
DA3,AVAL,R,1
DA3,AVAR,Rp,2
DA3,AVAR,R,1
DA3,AVAR,EJ,2
DA3,AVDL,R,4
DA3,AVDR,Rp,1
DA3,AVDR,R,1
DA3,AVEL,Rp,2
DA3,AVEL,R,1
DA3,AVER,R,1
DA3,DA4,S,2
DA3,DA4,Rp,1
DA3,DB2,Rp,5
DA3,DB3,S,1
DA3,DD2,S,1
DA3,DD2,Rp,1
DA3,NMJ,NMJ,30
DA3,VD3,S,25
DA3,VD4,S,6
DA4,AVAL,Rp,6
DA4,AVAL,R,1
DA4,AVAL,EJ,3
DA4,AVAR,Rp,4
DA4,AVAR,R,2
DA4,AVAR,EJ,2
DA4,AVDL,Rp,1
DA4,AVDL,R,1
DA4,AVDR,Rp,1
DA4,AVDR,R,1
DA4,AVEL,Rp,1
DA4,DA1,EJ,1
DA4,DA3,S,1
DA4,DA3,Rp,1
DA4,DA3,R,1
DA4,DB3,S,1
DA4,DB3,EJ,1
DA4,DD2,S,1
DA4,NMJ,NMJ,26
DA4,VB6,EJ,1
DA4,VD4,S,12
DA4,VD5,S,15
DA5,AS6,EJ,2
DA5,AVAL,Rp,5
DA5,AVAL,R,2
DA5,AVAL,EJ,1
DA5,AVAR,Rp,2
DA5,AVAR,EJ,5
DA5,AVBR,Rp,1
DA5,AVDL,Rp,1
DA5,AVDR,R,2
DA5,DB4,S,1
DA5,HSNR,Rp,1
DA5,NMJ,NMJ,17
DA5,PVCL,Rp,1
DA5,VA4,EJ,1
DA5,VA5,EJ,2
DA5,VD5,S,1
DA5,VD6,S,16
DA6,AVAL,Rp,11
DA6,AVAL,EJ,10
DA6,AVAR,Rp,9
DA6,AVAR,R,2
DA6,AVAR,EJ,2
DA6,HSNR,Rp,1
DA6,NMJ,NMJ,6
DA6,PVCL,Rp,1
DA6,RID,Rp,3
DA6,VD4,S,4
DA6,VD5,S,3
DA6,VD6,S,3
DA7,AVAL,Rp,2
DA7,AVAL,EJ,2
DA7,AVAR,Rp,3
DA8,AVAL,Rp,4
DA8,AVAR,Rp,7
DA8,AVAR,R,1
DA8,AVAR,EJ,1
DA8,AVDL,R,1
DA8,AVDR,Rp,1
DA8,AVG,Rp,1
DA8,DA9,EJ,1
DA8,DVB,Rp,2
DA8,DVB,R,2
DA8,PHAR,Rp,1
DA8,PHBR,Rp,1
DA8,VA12,Rp,3
DA9,AVAL,Rp,1
DA9,AVAL,R,2
DA9,AVAR,Rp,2
DA9,AVDR,R,1
DA9,DA8,EJ,1
DA9,DD6,S,1
DA9,NMJ,NMJ,1
DA9,PDA,Rp,1
DA9,PDA,EJ,1
DA9,PHCL,Rp,7
DA9,PHCL,EJ,1
DA9,PHCR,Rp,2
DA9,PVCR,Rp,1
DA9,PVR,R,1
DA9,RID,EJ,1
DA9,VA12,Rp,4
DA9,VA12,R,1
DA9,VD13,S,1
DB1,AIBR,EJ,1
DB1,AS1,S,1
DB1,AS2,S,1
DB1,AS2,Rp,1
DB1,AS3,S,1
DB1,AVBR,EJ,3
DB1,DB2,EJ,1
DB1,DB4,EJ,1
DB1,DD1,S,10
DB1,DVA,EJ,1
DB1,NMJ,NMJ,3
DB1,RID,EJ,1
DB1,RIS,EJ,1
DB1,VB3,EJ,1
DB1,VB4,EJ,1
DB1,VD1,S,21
DB1,VD2,S,15
DB1,VD3,S,1
DB2,AVBR,EJ,1
DB2,DA3,S,5
DB2,DB1,EJ,1
DB2,DB3,EJ,6
DB2,DD2,S,2
DB2,DVA,Rp,1
DB2,NMJ,NMJ,24
DB2,PVCL,Rp,3
DB2,PVCR,Rp,1
DB2,PVR,R,1
DB2,VB1,EJ,2
DB2,VD3,S,23
DB2,VD4,S,14
DB2,VD5,S,1
DB3,AS4,S,1
DB3,AS5,S,1
DB3,AVAR,Rp,1
DB3,AVBL,EJ,1
DB3,AVBR,EJ,1
DB3,AVER,Rp,1
DB3,DA3,Rp,1
DB3,DA4,Rp,1
DB3,DA4,EJ,1
DB3,DB2,EJ,6
DB3,DB4,EJ,1
DB3,DD2,S,4
DB3,DD3,S,10
DB3,DVA,R,2
DB3,NMJ,NMJ,25
DB3,PVCL,Rp,3
DB3,PVCL,R,1
DB3,PVCR,Rp,2
DB3,PVCR,R,1
DB3,PVR,R,1
DB3,VD4,S,9
DB3,VD5,S,26
DB3,VD6,S,7
DB4,AVBL,EJ,1
DB4,AVBR,EJ,1
DB4,AVDR,R,1
DB4,DA5,Rp,1
DB4,DB1,EJ,1
DB4,DB3,EJ,1
DB4,DD3,S,3
DB4,DVA,R,1
DB4,NMJ,NMJ,6
DB4,PVCL,Rp,2
DB4,PVCL,R,1
DB4,PVCR,Rp,4
DB4,VB2,EJ,1
DB4,VB4,EJ,1
DB4,VC2,Rp,1
DB4,VD6,S,13
DB5,AVAL,Rp,1
DB5,AVAL,R,1
DB5,AVAR,Rp,1
DB5,AVAR,EJ,2
DB5,AVBL,EJ,1
DB5,AVBR,EJ,1
DB5,DVA,Rp,1
DB5,PVCL,Rp,2
DB5,PVCR,Rp,1
DB6,AVAL,Rp,1
DB6,AVAL,EJ,3
DB6,AVAR,Rp,3
DB6,AVAR,R,2
DB6,AVBL,EJ,2
DB6,AVBR,EJ,1
DB6,DVA,R,2
DB6,PVCL,R,2
DB6,PVCR,R,2
DB7,AVBL,EJ,2
DB7,AVBR,EJ,1
DB7,DVA,Rp,1
DB7,DVA,R,1
DB7,PVCL,Rp,2
DB7,PVCL,R,1
DB7,PVCR,Rp,1
DB7,VA12,Rp,4
DB7,VD13,S,2
DD1,AS2,Rp,1
DD1,AS3,Rp,1
DD1,AVBR,EJ,1
DD1,AVL,R,1
DD1,DA1,Rp,2
DD1,DA1,R,2
DD1,DA2,S,2
DD1,DA2,Rp,1
DD1,DB1,Rp,6
DD1,DB1,R,4
DD1,DD2,EJ,1
DD1,NMJ,NMJ,34
DD1,PVNL,Rp,2
DD1,PVQR,Rp,1
DD1,RID,Rp,2
DD1,RID,R,2
DD1,VA1,Rp,9
DD1,VA2,Rp,13
DD1,VA3,Rp,17
DD1,VA3,R,1
DD1,VB1,Rp,1
DD1,VB2,Rp,17
DD1,VB2,R,3
DD1,VC1,Rp,3
DD1,VC1,R,4
DD1,VC2,Rp,4
DD1,VC2,R,2
DD1,VC3,Rp,1
DD1,VC3,R,1
DD1,VD1,Rp,1
DD1,VD1,EJ,4
DD1,VD2,S,1
DD1,VD2,Rp,1
DD1,VD2,EJ,2
DD2,AS5,Rp,1
DD2,DA3,S,1
DD2,DA3,Rp,1
DD2,DA4,Rp,1
DD2,DB2,Rp,1
DD2,DB2,R,1
DD2,DB3,Rp,4
DD2,DD1,EJ,1
DD2,DD3,EJ,2
DD2,NMJ,NMJ,28
DD2,PVPR,Rp,1
DD2,RID,Rp,2
DD2,RID,R,2
DD2,VA3,Rp,11
DD2,VA4,Rp,21
DD2,VA5,Rp,5
DD2,VB2,Rp,1
DD2,VB3,Rp,31
DD2,VB3,R,6
DD2,VB4,Rp,4
DD2,VB4,R,2
DD2,VC1,Rp,4
DD2,VC1,R,2
DD2,VC2,Rp,4
DD2,VC3,Rp,4
DD2,VD3,S,1
DD2,VD4,S,1
DD2,VD4,EJ,2
DD3,DB3,Rp,10
DD3,DB4,Rp,3
DD3,DD2,EJ,2
DD3,DD4,EJ,1
DD3,NMJ,NMJ,32
DD3,PVNR,R,1
DD3,RID,Rp,3
DD3,VA5,Rp,12
DD3,VA5,R,1
DD3,VA6,Rp,15
DD3,VA6,R,9
DD3,VA7,Rp,3
DD3,VB4,Rp,2
DD3,VB4,R,14
DD3,VB5,Rp,21
DD3,VB5,R,6
DD3,VC1,Rp,4
DD3,VC1,R,2
DD3,VC2,Rp,4
DD3,VC2,R,5
DD3,VC3,Rp,4
DD3,VC3,R,1
DD4,DD3,EJ,1
DD4,VA7,Rp,12
DD4,VA8,Rp,16
DD4,VA8,R,5
DD4,VA9,Rp,3
DD4,VB6,Rp,30
DD4,VB7,Rp,2
DD4,VC3,Rp,10
DD4,VC3,R,2
DD4,VC3,EJ,1
DD4,VD8,Rp,1
DD4,VD8,EJ,1
DD5,NMJ,NMJ,1
DD5,PVDL,Rp,1
DD5,VA9,R,15
DD5,VB8,S,1
DD5,VB8,Rp,7
DD5,VB8,R,23
DD5,VB9,Rp,3
DD5,VB9,R,5
DD5,VD10,R,1
DD5,VD10,EJ,1
DD5,VD9,S,1
DD6,AVL,Rp,2
DD6,DA9,Rp,1
DD6,DVB,Rp,3
DD6,NMJ,NMJ,1
DD6,PDA,Rp,1
DD6,VA11,Rp,10
DD6,VA12,Rp,2
DD6,VB10,Rp,9
DD6,VB11,Rp,6
DD6,VB11,R,1
DVA,AIZL,Sp,3
DVA,AIZL,R,1
DVA,AIZR,Rp,1
DVA,AIZR,R,1
DVA,AQR,Sp,3
DVA,AQR,S,1
DVA,AUAL,Sp,1
DVA,AUAR,Sp,1
DVA,AVAL,Sp,3
DVA,AVAR,Sp,1
DVA,AVBL,Sp,1
DVA,AVBL,EJ,1
DVA,AVBR,EJ,1
DVA,AVEL,Sp,6
DVA,AVEL,S,3
DVA,AVER,Sp,3
DVA,AVER,S,2
DVA,AVKL,R,1
DVA,DB1,EJ,1
DVA,DB2,Sp,1
DVA,DB3,S,2
DVA,DB4,S,1
DVA,DB5,Sp,1
DVA,DB6,S,2
DVA,DB7,Sp,1
DVA,DB7,S,1
DVA,FLPL,Rp,1
DVA,FLPR,Rp,1
DVA,PDEL,Sp,2
DVA,PDEL,S,1
DVA,PDEL,Rp,8
DVA,PDEL,R,16
DVA,PDER,Rp,16
DVA,PDER,R,19
DVA,PHAL,Rp,2
DVA,PHAR,Rp,1
DVA,PHAR,R,1
DVA,PHCL,Rp,2
DVA,PHCL,R,4
DVA,PHCR,Rp,5
DVA,PHCR,R,3
DVA,PLMR,Rp,5
DVA,PVCL,Sp,3
DVA,PVCL,Rp,4
DVA,PVCL,EJ,1
DVA,PVCR,Sp,1
DVA,PVDR,Rp,1
DVA,PVDR,R,2
DVA,PVM,Rp,1
DVA,PVM,R,2
DVA,PVR,Sp,2
DVA,PVR,S,1
DVA,PVR,Rp,1
DVA,PVR,EJ,2
DVA,RIAL,S,1
DVA,RIAR,Sp,1
DVA,RIAR,S,1
DVA,RIMR,Sp,1
DVA,RIR,Sp,3
DVA,RIR,Rp,2
DVA,SAADR,Sp,1
DVA,SAAVL,Sp,1
DVA,SAAVR,Sp,1
DVA,SABD,Sp,1
DVA,SDQR,Rp,3
DVA,SMBDL,Sp,3
DVA,SMBDR,Sp,2
DVA,SMBVL,Sp,3
DVA,SMBVR,Sp,2
DVA,VA12,Sp,1
DVA,VA2,Sp,1
DVA,VB1,Sp,1
DVA,VB1,Rp,1
DVA,VB11,Sp,2
DVB,AS9,EJ,7
DVB,AVL,Sp,3
DVB,AVL,S,2
DVB,AVL,EJ,1
DVB,DA8,Sp,2
DVB,DA8,S,2
DVB,DD6,Sp,3
DVB,DVC,Sp,3
DVB,NMJ,NMJ,1
DVB,NMJ,NMJ,4
DVB,PDA,Sp,1
DVB,PHCL,Sp,1
DVB,PVPL,Sp,1
DVB,PVPL,S,1
DVB,VA9,EJ,1
DVB,VB9,EJ,1
DVC,AIBL,Sp,1
DVC,AIBL,EJ,1
DVC,AIBR,Sp,3
DVC,AIBR,EJ,2
DVC,AVAL,Sp,5
DVC,AVAR,Sp,7
DVC,AVBL,Sp,1
DVC,AVDR,R,1
DVC,AVKL,Sp,2
DVC,AVKR,Sp,1
DVC,AVL,EJ,9
DVC,DVB,Rp,3
DVC,PVPL,EJ,2
DVC,PVPR,Rp,1
DVC,PVPR,R,1
DVC,PVPR,EJ,13
DVC,PVQR,Rp,1
DVC,PVT,Sp,1
DVC,PVT,R,2
DVC,RIBL,Sp,1
DVC,RIBR,Sp,1
DVC,RIGL,Sp,4
DVC,RIGL,S,1
DVC,RIGL,Rp,1
DVC,RIGR,Sp,5
DVC,RMFL,Sp,2
DVC,RMFR,Sp,4
DVC,VA9,EJ,1
DVC,VC1,R,1
DVC,VC2,R,1
DVC,VC3,R,1
DVC,VC5,R,2
DVC,VD1,EJ,5
DVC,VD10,EJ,4
FLPL,ADEL,Sp,2
FLPL,ADEL,Rp,1
FLPL,ADEL,R,1
FLPL,ADER,Sp,2
FLPL,ADER,Rp,1
FLPL,AIBL,Sp,1
FLPL,AIBL,S,1
FLPL,AIBL,Rp,1
FLPL,AIBR,Sp,2
FLPL,AVAL,Sp,10
FLPL,AVAL,S,4
FLPL,AVAL,EJ,1
FLPL,AVAR,Sp,17
FLPL,AVBL,Sp,3
FLPL,AVBL,S,1
FLPL,AVBR,Sp,4
FLPL,AVBR,S,1
FLPL,AVDL,Sp,6
FLPL,AVDL,EJ,1
FLPL,AVDR,Sp,13
FLPL,DVA,Sp,1
FLPL,FLPR,Sp,1
FLPL,FLPR,Rp,2
FLPL,FLPR,EJ,2
FLPL,PVCR,Rp,1
FLPL,RIH,EJ,1
FLPL,SDQL,Rp,1
FLPR,ADAL,Rp,1
FLPR,ADER,Sp,1
FLPR,ADER,S,1
FLPR,ADER,Rp,1
FLPR,AIBR,Sp,1
FLPR,AVAL,Sp,10
FLPR,AVAL,S,2
FLPR,AVAR,Sp,5
FLPR,AVBL,Sp,5
FLPR,AVBR,Sp,1
FLPR,AVDL,Sp,8
FLPR,AVDL,S,2
FLPR,AVDL,EJ,1
FLPR,AVDR,Sp,1
FLPR,AVDR,EJ,1
FLPR,AVEL,Sp,4
FLPR,AVER,Sp,2
FLPR,AVJR,S,1
FLPR,DVA,Sp,1
FLPR,FLPL,Sp,2
FLPR,FLPL,Rp,1
FLPR,FLPL,EJ,2
FLPR,PVCL,Sp,2
FLPR,VB1,Sp,0
FLPR,VB1,S,1
HSNL,AIAL,Sp,1
HSNL,AIAL,R,1
HSNL,AIMR,Rp,1
HSNL,AIYR,Rp,1
HSNL,AIZL,Sp,2
HSNL,AIZR,Sp,1
HSNL,ASHL,Sp,1
HSNL,ASHR,Sp,2
HSNL,ASJL,Rp,1
HSNL,ASJR,S,1
HSNL,ASKL,Sp,1
HSNL,AVDR,Sp,2
HSNL,AVFL,Sp,5
HSNL,AVFL,S,1
HSNL,AVFL,Rp,1
HSNL,AVJL,Sp,1
HSNL,AVJL,S,1
HSNL,AWBL,Sp,1
HSNL,AWBL,S,1
HSNL,AWBR,Sp,2
HSNL,BDUL,Rp,1
HSNL,HSNR,Sp,3
HSNL,HSNR,R,1
HSNL,HSNR,EJ,1
HSNL,NMJ,NMJ,7
HSNL,PLML,R,1
HSNL,PVQL,Rp,2
HSNL,RIFL,Sp,3
HSNL,RIML,Sp,2
HSNL,RIR,Rp,1
HSNL,SABVL,Sp,2
HSNL,VC5,S,3
HSNL,VC5,R,1
HSNR,AIBL,Sp,1
HSNR,AIBR,Sp,1
HSNR,AIMR,Rp,2
HSNR,AIYL,Rp,1
HSNR,AIZL,Sp,1
HSNR,AIZR,Sp,1
HSNR,AS5,S,1
HSNR,ASHL,Sp,2
HSNR,ASHR,Rp,1
HSNR,ASJL,Rp,1
HSNR,ASJR,Rp,1
HSNR,AVBR,R,1
HSNR,AVDR,Sp,1
HSNR,AVFL,Sp,1
HSNR,AVFL,S,1
HSNR,AVFR,R,1
HSNR,AVJL,Sp,1
HSNR,AVJL,R,1
HSNR,AVL,S,1
HSNR,AVL,R,1
HSNR,AWBL,Sp,1
HSNR,BDUR,Sp,1
HSNR,BDUR,Rp,3
HSNR,BDUR,R,1
HSNR,DA5,Sp,1
HSNR,DA6,Sp,1
HSNR,HSNL,S,1
HSNR,HSNL,Rp,3
HSNR,HSNL,EJ,1
HSNR,NMJ,NMJ,5
HSNR,NMJ,NMJ,1
HSNR,PLMR,R,1
HSNR,PVNR,Sp,1
HSNR,PVNR,S,1
HSNR,PVNR,Rp,1
HSNR,PVNR,EJ,1
HSNR,PVQR,Sp,1
HSNR,PVQR,R,1
HSNR,RIFR,Sp,3
HSNR,RIFR,S,1
HSNR,RIFR,Rp,1
HSNR,RMGR,Sp,1
HSNR,SABD,S,1
HSNR,SABVR,Sp,1
HSNR,VA6,Sp,1
HSNR,VC2,Sp,2
HSNR,VC2,S,1
HSNR,VC3,S,1
HSNR,VC3,R,1
HSNR,VD4,S,2
IL1DL,CEPDL,Rp,4
IL1DL,IL1DR,EJ,1
IL1DL,IL1L,R,1
IL1DL,IL1L,EJ,1
IL1DL,IL2DL,Rp,7
IL1DL,NMJ,NMJ,1
IL1DL,NMJ,NMJ,4
IL1DL,OLLL,EJ,1
IL1DL,PVR,S,1
IL1DL,PVR,Rp,1
IL1DL,RIH,Sp,1
IL1DL,RIPL,Sp,2
IL1DL,RMDDR,Sp,1
IL1DL,RMDVL,Sp,4
IL1DL,RMEV,EJ,1
IL1DL,URADL,Rp,2
IL1DL,URYDL,Sp,1
IL1DR,CEPDR,Rp,5
IL1DR,IL1DL,EJ,1
IL1DR,IL1R,R,1
IL1DR,IL1R,EJ,1
IL1DR,IL2DR,Rp,7
IL1DR,NMJ,NMJ,1
IL1DR,NMJ,NMJ,6
IL1DR,OLLR,Rp,2
IL1DR,OLLR,EJ,1
IL1DR,PVR,Rp,1
IL1DR,RIPR,Sp,5
IL1DR,RMDVR,Sp,5
IL1DR,RMEV,EJ,1
IL1DR,URADR,Rp,1
IL1L,ADEL,Rp,1
IL1L,AVER,Sp,2
IL1L,IL1DL,S,1
IL1L,IL1DL,EJ,1
IL1L,IL1VL,Rp,1
IL1L,IL1VL,EJ,1
IL1L,IL2L,Rp,1
IL1L,NMJ,NMJ,1
IL1L,NMJ,NMJ,12
IL1L,RMDDL,Sp,5
IL1L,RMDL,Sp,1
IL1L,RMDR,Sp,3
IL1L,RMDVL,Sp,4
IL1L,RMDVR,Sp,2
IL1L,RMER,Sp,1
IL1L,URBL,Rp,1
IL1R,AVEL,Sp,1
IL1R,AVER,Sp,1
IL1R,CEPDR,Rp,1
IL1R,IL1DR,S,1
IL1R,IL1DR,EJ,1
IL1R,IL1VR,Rp,1
IL1R,IL1VR,EJ,1
IL1R,IL2R,Rp,1
IL1R,NMJ,NMJ,1
IL1R,NMJ,NMJ,12
IL1R,RIAR,Rp,1
IL1R,RMDDL,Sp,3
IL1R,RMDDR,Sp,2
IL1R,RMDL,Sp,3
IL1R,RMDL,S,1
IL1R,RMDR,Sp,2
IL1R,RMDVL,Sp,1
IL1R,RMDVR,Sp,4
IL1R,RMEL,Sp,2
IL1R,RMHL,Sp,1
IL1R,URAVR,Rp,1
IL1R,URBR,Rp,3
IL1R,URXR,Sp,2
IL1VL,CEPVL,Rp,2
IL1VL,IL1L,Sp,1
IL1VL,IL1L,EJ,1
IL1VL,IL1VR,EJ,1
IL1VL,IL2VL,Rp,7
IL1VL,NMJ,NMJ,3
IL1VL,NMJ,NMJ,6
IL1VL,OLLL,Rp,2
IL1VL,OLQVL,Rp,1
IL1VL,OLQVL,R,1
IL1VL,PVR,Rp,1
IL1VL,RIPL,Sp,4
IL1VL,RMDDL,Sp,5
IL1VL,RMED,EJ,1
IL1VL,URYVL,Sp,1
IL1VL,URYVL,Rp,1
IL1VR,CEPVR,Rp,1
IL1VR,CEPVR,R,1
IL1VR,IL1R,Sp,1
IL1VR,IL1R,EJ,1
IL1VR,IL1VL,EJ,1
IL1VR,IL2R,EJ,1
IL1VR,IL2VR,Sp,1
IL1VR,IL2VR,Rp,6
IL1VR,NMJ,NMJ,1
IL1VR,NMJ,NMJ,9
IL1VR,OLLR,Rp,1
IL1VR,OLQVR,Rp,1
IL1VR,PVR,Rp,1
IL1VR,RIPR,Sp,5
IL1VR,RIPR,S,1
IL1VR,RMDDR,Sp,10
IL1VR,RMER,Sp,1
IL1VR,URYVR,Rp,1
IL2DL,AUAL,S,1
IL2DL,IL1DL,Sp,7
IL2DL,OLQDL,Sp,2
IL2DL,RIBL,Sp,1
IL2DL,RIPL,Sp,10
IL2DL,RMEL,Sp,4
IL2DL,RMER,Sp,3
IL2DL,URADL,Sp,2
IL2DL,URADL,S,1
IL2DR,CEPDR,Sp,1
IL2DR,IL1DR,Sp,7
IL2DR,RICR,Sp,1
IL2DR,RIPR,Sp,11
IL2DR,RMED,Sp,1
IL2DR,RMEL,Sp,2
IL2DR,RMER,Sp,2
IL2DR,RMEV,Sp,1
IL2DR,URADR,Sp,3
IL2L,ADEL,Sp,2
IL2L,ADEL,Rp,1
IL2L,ADEL,R,1
IL2L,AVEL,Sp,1
IL2L,IL1L,Sp,1
IL2L,IL2VL,Rp,1
IL2L,OLQDL,Sp,3
IL2L,OLQDL,S,2
IL2L,OLQVL,Sp,6
IL2L,OLQVL,S,2
IL2L,RICL,Sp,1
IL2L,RIH,Sp,7
IL2L,RIH,Rp,2
IL2L,RMDL,Sp,2
IL2L,RMDL,S,1
IL2L,RMDR,Sp,1
IL2L,RMER,Sp,2
IL2L,RMEV,Sp,2
IL2L,RMGL,EJ,1
IL2L,URXL,Sp,2
IL2R,ADER,Sp,1
IL2R,ADER,S,1
IL2R,IL1R,Sp,1
IL2R,IL1VR,EJ,1
IL2R,OLLR,Sp,1
IL2R,OLLR,S,1
IL2R,OLLR,R,1
IL2R,OLQDR,Sp,2
IL2R,OLQVR,Sp,5
IL2R,OLQVR,S,2
IL2R,RIH,Sp,6
IL2R,RIH,Rp,1
IL2R,RMDL,Sp,1
IL2R,RMDL,S,1
IL2R,RMEL,Sp,2
IL2R,RMEV,Sp,1
IL2R,RMGR,EJ,1
IL2R,URBR,S,1
IL2R,URBR,R,1
IL2R,URXR,EJ,1
IL2VL,BAGR,Sp,1
IL2VL,IL1VL,Sp,7
IL2VL,IL2L,Sp,1
IL2VL,OLQVL,Sp,1
IL2VL,OLQVL,Rp,1
IL2VL,RIAL,Sp,1
IL2VL,RIH,Sp,2
IL2VL,RIPL,Sp,11
IL2VL,RMEL,Sp,1
IL2VL,RMEL,S,1
IL2VL,RMER,Sp,4
IL2VL,RMEV,Sp,1
IL2VL,URAVL,Sp,3
IL2VR,CEPVR,Rp,2
IL2VR,IL1VR,Sp,6
IL2VR,IL1VR,Rp,1
IL2VR,OLQVR,Sp,1
IL2VR,OLQVR,S,1
IL2VR,RIAR,Sp,2
IL2VR,RIH,Sp,2
IL2VR,RIH,S,1
IL2VR,RIPR,Sp,14
IL2VR,RIPR,S,1
IL2VR,RMEL,Sp,3
IL2VR,RMER,Sp,2
IL2VR,RMEV,Sp,3
IL2VR,URAVR,Sp,4
IL2VR,URXR,Sp,1
LUAL,AVAL,Sp,5
LUAL,AVAL,Rp,1
LUAL,AVAL,EJ,1
LUAL,AVAR,Sp,5
LUAL,AVAR,S,1
LUAL,AVAR,Rp,1
LUAL,AVDL,Sp,4
LUAL,AVDL,Rp,1
LUAL,AVDR,Sp,2
LUAL,AVDR,Rp,2
LUAL,AVJL,Sp,1
LUAL,PHBL,Sp,1
LUAL,PHCL,Rp,1
LUAL,PLML,EJ,1
LUAL,PVNL,Sp,1
LUAL,PVR,EJ,1
LUAL,PVWL,Sp,1
LUAL,VA12,Rp,2
LUAR,AVAL,Sp,3
LUAR,AVAR,Sp,7
LUAR,AVAR,Rp,3
LUAR,AVDL,Sp,1
LUAR,AVDR,Sp,3
LUAR,AVJR,Sp,1
LUAR,PHCR,Rp,1
LUAR,PLMR,EJ,1
LUAR,PQR,Sp,1
LUAR,PQR,Rp,1
LUAR,PVCR,Sp,3
LUAR,PVCR,Rp,1
LUAR,PVR,S,1
LUAR,PVR,EJ,1
LUAR,PVWL,Sp,1
OLLL,ADEL,Rp,1
OLLL,ADEL,R,1
OLLL,AVER,Sp,18
OLLL,AVER,S,3
OLLL,CEPDL,Sp,3
OLLL,CEPDL,Rp,2
OLLL,CEPVL,Sp,4
OLLL,CEPVL,Rp,4
OLLL,IL1DL,EJ,1
OLLL,IL1VL,Sp,2
OLLL,OLLR,EJ,2
OLLL,RIBL,Sp,8
OLLL,RIGL,EJ,1
OLLL,RMDDL,Sp,7
OLLL,RMDL,S,2
OLLL,RMDVL,Sp,1
OLLL,RMEL,Sp,2
OLLL,SAADR,R,1
OLLL,SMDDL,Sp,1
OLLL,SMDDL,S,2
OLLL,SMDDR,Sp,1
OLLL,SMDDR,S,3
OLLL,SMDVR,S,4
OLLL,URYDL,Sp,1
OLLR,ADER,Rp,2
OLLR,ADLR,Rp,1
OLLR,AVEL,Sp,15
OLLR,AVEL,S,1
OLLR,CEPDR,Sp,1
OLLR,CEPDR,S,1
OLLR,CEPDR,Rp,7
OLLR,CEPDR,R,1
OLLR,CEPVR,Sp,6
OLLR,CEPVR,Rp,6
OLLR,CEPVR,R,1
OLLR,IL1DR,Sp,2
OLLR,IL1DR,EJ,1
OLLR,IL1VR,Sp,1
OLLR,IL2R,S,1
OLLR,IL2R,Rp,1
OLLR,IL2R,R,1
OLLR,OLLL,EJ,2
OLLR,RIBR,Sp,8
OLLR,RIBR,S,2
OLLR,RIGR,EJ,1
OLLR,RIS,Rp,1
OLLR,RMDDR,Sp,10
OLLR,RMDL,S,3
OLLR,RMDL,Rp,2
OLLR,RMDVR,Sp,3
OLLR,RMER,Sp,2
OLLR,SAAVL,Rp,1
OLLR,SMDDR,S,1
OLLR,SMDVL,S,4
OLLR,SMDVR,S,3
OLLR,VC5,R,1
OLQDL,CEPDL,Rp,6
OLQDL,CEPDL,EJ,1
OLQDL,IL2DL,Rp,2
OLQDL,IL2L,Rp,3
OLQDL,IL2L,R,2
OLQDL,RIBL,EJ,2
OLQDL,RICR,S,1
OLQDL,RIGL,EJ,1
OLQDL,RIH,Rp,2
OLQDL,RIH,R,2
OLQDL,RIPL,R,1
OLQDL,RIPR,R,1
OLQDL,RMDDR,Sp,3
OLQDL,RMDDR,S,1
OLQDL,RMDVL,EJ,1
OLQDL,SIBVL,Sp,3
OLQDL,URBL,EJ,1
OLQDR,AIMR,Rp,1
OLQDR,CEPDR,Rp,5
OLQDR,CEPDR,EJ,2
OLQDR,IL2R,Rp,2
OLQDR,RIBR,EJ,2
OLQDR,RICL,S,1
OLQDR,RICR,Sp,1
OLQDR,RIGR,EJ,1
OLQDR,RIH,Rp,2
OLQDR,RIH,EJ,1
OLQDR,RIPL,R,1
OLQDR,RIPR,R,1
OLQDR,RMDDL,Sp,2
OLQDR,RMDDL,S,1
OLQDR,RMDVR,EJ,1
OLQDR,RMHR,Sp,1
OLQDR,SIBVR,Sp,2
OLQDR,URBR,EJ,1
OLQVL,ADFL,Rp,1
OLQVL,ADLL,Rp,1
OLQVL,ADLL,EJ,1
OLQVL,CEPVL,Rp,6
OLQVL,CEPVL,EJ,1
OLQVL,IL1VL,Sp,1
OLQVL,IL1VL,S,1
OLQVL,IL2L,Rp,6
OLQVL,IL2L,R,2
OLQVL,IL2VL,Sp,1
OLQVL,IL2VL,Rp,1
OLQVL,RIBL,EJ,1
OLQVL,RICL,S,1
OLQVL,RIGL,EJ,1
OLQVL,RIH,Sp,1
OLQVL,RIH,Rp,1
OLQVL,RIPL,Sp,1
OLQVL,RMDDL,EJ,1
OLQVL,RMDVR,Sp,3
OLQVL,RMDVR,S,1
OLQVL,SIBDL,Sp,3
OLQVL,URBL,EJ,1
OLQVR,CEPVR,Rp,3
OLQVR,CEPVR,EJ,1
OLQVR,IL1VR,Sp,1
OLQVR,IL2R,Rp,5
OLQVR,IL2R,R,2
OLQVR,IL2VR,Rp,1
OLQVR,IL2VR,R,1
OLQVR,RIBR,EJ,1
OLQVR,RICR,S,1
OLQVR,RIGR,EJ,1
OLQVR,RIH,Sp,2
OLQVR,RIH,Rp,6
OLQVR,RIPR,Sp,2
OLQVR,RMDDR,EJ,1
OLQVR,RMDVL,Sp,4
OLQVR,RMER,Sp,1
OLQVR,SIBDR,Sp,4
OLQVR,URBR,EJ,1
OLQVR,URXR,Rp,1
PDA,AS11,Sp,1
PDA,AS11,R,1
PDA,DA9,Sp,1
PDA,DA9,EJ,1
PDA,DD6,Sp,1
PDA,DVB,Rp,1
PDA,NMJ,NMJ,2
PDA,PVNR,Sp,1
PDA,VD13,Sp,3
PDB,AS11,R,1
PDB,AS11,EJ,2
PDB,NMJ,NMJ,2
PDB,RID,EJ,2
PDB,VD13,Sp,2
PDB,VD13,S,2
PDEL,AVAR,Rp,1
PDEL,AVKL,Sp,5
PDEL,AVKL,S,1
PDEL,AVKL,Rp,1
PDEL,AVKL,R,2
PDEL,DVA,Sp,8
PDEL,DVA,S,16
PDEL,DVA,Rp,2
PDEL,DVA,R,1
PDEL,PDER,Sp,1
PDEL,PDER,EJ,3
PDEL,PLMR,Rp,2
PDEL,PVCR,Rp,1
PDEL,PVCR,EJ,1
PDEL,PVM,Sp,2
PDEL,PVM,Rp,6
PDEL,PVM,R,1
PDEL,PVM,EJ,1
PDEL,PVR,Sp,2
PDEL,PVR,Rp,1
PDEL,VA9,S,1
PDEL,VD11,S,1
PDER,AVAR,Rp,1
PDER,AVFL,Rp,1
PDER,AVKL,Sp,16
PDER,AVKL,Rp,1
PDER,DVA,Sp,16
PDER,DVA,S,19
PDER,PDEL,Rp,1
PDER,PDEL,EJ,3
PDER,PLMR,Rp,3
PDER,PVCL,S,1
PDER,PVCR,S,1
PDER,PVM,Rp,6
PDER,PVM,R,2
PDER,PVM,EJ,1
PDER,PVR,Rp,1
PDER,VA8,EJ,1
PDER,VD9,EJ,1
PHAL,AVDR,Sp,1
PHAL,AVFL,Sp,3
PHAL,AVG,Sp,4
PHAL,AVG,S,1
PHAL,AVG,Rp,2
PHAL,AVHL,Sp,1
PHAL,AVHR,Sp,1
PHAL,DVA,Sp,2
PHAL,PHAR,Sp,5
PHAL,PHAR,Rp,5
PHAL,PHAR,R,1
PHAL,PHAR,EJ,2
PHAL,PHBL,Sp,5
PHAL,PHBR,Sp,5
PHAL,PVQL,Sp,2
PHAR,AVG,Sp,2
PHAR,AVG,S,1
PHAR,AVHR,Sp,1
PHAR,DA8,Sp,1
PHAR,DVA,Sp,1
PHAR,DVA,S,1
PHAR,PHAL,Sp,5
PHAR,PHAL,S,1
PHAR,PHAL,Rp,5
PHAR,PHAL,EJ,2
PHAR,PHBL,Sp,1
PHAR,PHBR,Sp,5
PHAR,PVPL,EJ,3
PHAR,PVQL,Sp,2
PHBL,AVAL,Sp,9
PHBL,AVAR,Sp,6
PHBL,AVDL,Sp,1
PHBL,LUAL,Rp,1
PHBL,PHAL,Rp,5
PHBL,PHAR,Rp,1
PHBL,PHBR,Sp,1
PHBL,PHBR,Rp,1
PHBL,PHBR,EJ,3
PHBL,PVCL,Sp,13
PHBL,VA12,Sp,1
PHBR,AVAL,Sp,7
PHBR,AVAR,Sp,7
PHBR,AVDL,Sp,1
PHBR,AVDR,Sp,1
PHBR,AVFL,Sp,1
PHBR,AVHL,EJ,1
PHBR,DA8,Sp,1
PHBR,PHAL,Rp,5
PHBR,PHAR,Rp,5
PHBR,PHBL,Sp,1
PHBR,PHBL,Rp,1
PHBR,PHBL,EJ,3
PHBR,PVCL,Sp,6
PHBR,PVCR,Sp,3
PHBR,VA12,Sp,2
PHCL,AVAL,Sp,1
PHCL,DA9,Sp,7
PHCL,DA9,EJ,1
PHCL,DVA,Sp,2
PHCL,DVA,S,4
PHCL,DVB,Rp,1
PHCL,LUAL,Sp,1
PHCL,PHCR,Rp,1
PHCL,PHCR,EJ,1
PHCL,PLML,EJ,1
PHCL,PVCL,Sp,2
PHCL,VA12,Sp,2
PHCL,VA12,EJ,1
PHCR,AVHR,Sp,1
PHCR,DA9,Sp,2
PHCR,DVA,Sp,5
PHCR,DVA,S,3
PHCR,LUAR,Sp,1
PHCR,PHCL,Sp,1
PHCR,PHCL,EJ,1
PHCR,PVCR,Sp,8
PHCR,PVCR,EJ,1
PHCR,VA12,Sp,1
PHCR,VA12,EJ,1
PLML,HSNL,S,1
PLML,LUAL,EJ,1
PLML,PHCL,EJ,1
PLML,PVCL,EJ,1
PLMR,AS6,Sp,1
PLMR,AVAL,Sp,3
PLMR,AVAL,S,1
PLMR,AVAR,Sp,1
PLMR,AVDL,S,1
PLMR,AVDR,Sp,4
PLMR,AVJL,Rp,2
PLMR,DVA,Sp,5
PLMR,HSNR,S,1
PLMR,LUAR,EJ,1
PLMR,PDEL,Sp,2
PLMR,PDER,Sp,3
PLMR,PVCL,Sp,2
PLMR,PVCR,EJ,1
PLMR,PVR,EJ,2
PLNL,NMJ,NMJ,1
PLNL,SAADL,Sp,5
PLNL,SMBVL,Sp,5
PLNL,SMBVL,S,1
PLNL,SMBVL,Rp,1
PLNR,SAADR,Sp,4
PLNR,SMBVR,Sp,4
PLNR,SMBVR,S,2
PQR,AVAL,Sp,5
PQR,AVAL,S,3
PQR,AVAR,Sp,9
PQR,AVAR,S,2
PQR,AVDL,Sp,7
PQR,AVDR,Sp,6
PQR,AVDR,R,1
PQR,AVG,S,1
PQR,LUAR,Sp,1
PQR,LUAR,Rp,1
PQR,PVNL,Sp,1
PQR,PVNL,Rp,1
PQR,PVNR,Rp,2
PQR,PVPL,EJ,4
PVCL,ADLR,Rp,1
PVCL,ADLR,R,1
PVCL,ALML,Rp,2
PVCL,ALML,R,2
PVCL,AS1,S,1
PVCL,AVAL,Sp,1
PVCL,AVAL,S,1
PVCL,AVAL,Rp,7
PVCL,AVAL,R,3
PVCL,AVAL,EJ,2
PVCL,AVAR,Sp,4
PVCL,AVAR,Rp,5
PVCL,AVAR,R,2
PVCL,AVBL,Sp,5
PVCL,AVBR,Sp,11
PVCL,AVBR,S,1
PVCL,AVDL,Sp,5
PVCL,AVDL,Rp,1
PVCL,AVDR,Sp,2
PVCL,AVEL,Sp,2
PVCL,AVER,Sp,1
PVCL,AVG,Rp,1
PVCL,AVJL,Sp,2
PVCL,AVJL,S,1
PVCL,AVJL,Rp,1
PVCL,AVJL,EJ,1
PVCL,AVJR,S,1
PVCL,AVJR,Rp,2
PVCL,AVJR,EJ,1
PVCL,AVM,Rp,4
PVCL,BDUR,Rp,1
PVCL,BDUR,R,1
PVCL,DA2,S,1
PVCL,DA5,S,1
PVCL,DA6,Sp,1
PVCL,DB2,S,3
PVCL,DB3,S,4
PVCL,DB4,S,3
PVCL,DB5,S,2
PVCL,DB6,S,2
PVCL,DB7,Sp,2
PVCL,DB7,S,1
PVCL,DVA,Sp,4
PVCL,DVA,Rp,3
PVCL,DVA,EJ,1
PVCL,FLPR,Rp,2
PVCL,PDER,R,1
PVCL,PHBL,Rp,13
PVCL,PHBR,Rp,6
PVCL,PHCL,Rp,2
PVCL,PLML,EJ,1
PVCL,PLMR,Rp,2
PVCL,PVCR,Sp,2
PVCL,PVCR,Rp,2
PVCL,PVCR,R,1
PVCL,PVCR,EJ,5
PVCL,PVDL,Rp,1
PVCL,PVDR,Rp,11
PVCL,PVDR,R,2
PVCL,PVM,R,2
PVCL,PVNL,Rp,1
PVCL,PVNR,R,1
PVCL,PVPR,Rp,4
PVCL,RID,Sp,4
PVCL,RID,S,1
PVCL,RIFR,Rp,1
PVCL,RIS,S,2
PVCL,SIBVL,Sp,2
PVCL,VA12,Rp,2
PVCL,VB10,S,2
PVCL,VB10,EJ,1
PVCL,VB11,S,1
PVCL,VB3,S,1
PVCL,VB4,S,1
PVCL,VB5,S,1
PVCL,VB6,S,2
PVCL,VB8,S,1
PVCL,VB9,EJ,2
PVCL,VD13,Rp,1
PVCR,ALML,Rp,1
PVCR,ALML,R,1
PVCR,ALMR,R,3
PVCR,AQR,Sp,1
PVCR,AQR,Rp,2
PVCR,AS2,S,1
PVCR,AVAL,Sp,5
PVCR,AVAL,S,2
PVCR,AVAL,Rp,4
PVCR,AVAL,R,2
PVCR,AVAL,EJ,5
PVCR,AVAR,Sp,7
PVCR,AVAR,Rp,5
PVCR,AVAR,EJ,3
PVCR,AVBL,Sp,6
PVCR,AVBL,S,2
PVCR,AVBR,Sp,6
PVCR,AVDL,Sp,5
PVCR,AVDR,Sp,1
PVCR,AVEL,Sp,1
PVCR,AVEL,Rp,1
PVCR,AVER,Sp,1
PVCR,AVJL,Rp,2
PVCR,AVJL,EJ,3
PVCR,AVJR,Rp,3
PVCR,AVJR,R,1
PVCR,AVL,S,1
PVCR,AVM,Rp,4
PVCR,AVM,R,1
PVCR,DA9,Sp,1
PVCR,DB2,S,1
PVCR,DB3,S,3
PVCR,DB4,S,4
PVCR,DB5,S,1
PVCR,DB6,S,2
PVCR,DB7,Sp,1
PVCR,DVA,Rp,1
PVCR,FLPL,Sp,1
PVCR,LUAR,Sp,1
PVCR,LUAR,Rp,3
PVCR,PDEL,Sp,1
PVCR,PDEL,EJ,1
PVCR,PDER,R,1
PVCR,PHBR,Rp,3
PVCR,PHCR,Rp,8
PVCR,PHCR,EJ,1
PVCR,PLMR,EJ,1
PVCR,PVCL,Sp,2
PVCR,PVCL,S,1
PVCR,PVCL,Rp,2
PVCR,PVCL,EJ,5
PVCR,PVDL,Sp,1
PVCR,PVDL,Rp,6
PVCR,PVDR,Rp,10
PVCR,PVPL,Rp,2
PVCR,PVPL,R,1
PVCR,PVPR,Rp,6
PVCR,PVPR,R,1
PVCR,PVR,Sp,1
PVCR,PVR,R,1
PVCR,PVWL,EJ,2
PVCR,PVWR,Sp,1
PVCR,PVWR,Rp,1
PVCR,PVWR,EJ,1
PVCR,RID,Sp,3
PVCR,RID,S,2
PVCR,RIFR,Rp,1
PVCR,SIBVR,Sp,2
PVCR,VA12,Rp,3
PVCR,VA8,EJ,2
PVCR,VA9,EJ,1
PVCR,VB10,S,1
PVCR,VB11,Rp,1
PVCR,VB4,S,3
PVCR,VB6,S,2
PVCR,VB7,S,3
PVCR,VB8,S,1
PVCR,VC2,Rp,1
PVCR,VD13,R,1
PVDL,AVAL,Sp,6
PVDL,AVAR,Sp,6
PVDL,DD5,S,1
PVDL,PVCL,Sp,1
PVDL,PVCR,Sp,6
PVDL,PVCR,Rp,1
PVDL,PVDR,Rp,1
PVDL,VD10,S,1
PVDR,AVAL,Sp,6
PVDR,AVAR,Sp,9
PVDR,DVA,Sp,1
PVDR,DVA,S,2
PVDR,PVCL,Sp,11
PVDR,PVCL,S,2
PVDR,PVCR,Sp,10
PVDR,PVDL,Sp,1
PVDR,VA9,S,1
PVM,AVKL,Sp,4
PVM,AVKL,S,7
PVM,AVKL,R,1
PVM,AVL,EJ,1
PVM,AVM,Sp,1
PVM,DVA,Sp,1
PVM,DVA,S,2
PVM,PDEL,Sp,6
PVM,PDEL,S,1
PVM,PDEL,Rp,2
PVM,PDEL,EJ,1
PVM,PDER,Sp,6
PVM,PDER,S,2
PVM,PDER,EJ,1
PVM,PVCL,S,2
PVM,PVR,Sp,1
PVNL,AVAL,Sp,2
PVNL,AVBR,S,1
PVNL,AVBR,EJ,2
PVNL,AVDL,Sp,3
PVNL,AVDR,Sp,3
PVNL,AVEL,S,1
PVNL,AVFL,Rp,2
PVNL,AVFR,Sp,1
PVNL,AVG,Sp,1
PVNL,AVHR,Rp,1
PVNL,AVJL,Sp,5
PVNL,AVJR,Sp,3
PVNL,AVJR,S,2
PVNL,AVL,Sp,2
PVNL,AVM,Rp,1
PVNL,BDUL,Sp,1
PVNL,BDUL,S,1
PVNL,BDUL,R,2
PVNL,BDUR,Sp,2
PVNL,BDUR,Rp,2
PVNL,BDUR,R,2
PVNL,DD1,Sp,2
PVNL,LUAL,Rp,1
PVNL,NMJ,NMJ,1
PVNL,NMJ,NMJ,2
PVNL,PQR,Sp,1
PVNL,PQR,Rp,1
PVNL,PVCL,Sp,1
PVNL,PVNR,Sp,5
PVNL,PVNR,Rp,1
PVNL,PVQR,EJ,1
PVNL,PVT,S,1
PVNL,PVWL,Sp,1
PVNL,RIFL,Sp,1
PVNR,AIMR,Rp,1
PVNR,AVAL,Sp,2
PVNR,AVAL,S,2
PVNR,AVBL,Sp,1
PVNR,AVBL,Rp,1
PVNR,AVBR,Sp,2
PVNR,AVDR,Sp,1
PVNR,AVEL,Sp,1
PVNR,AVEL,S,2
PVNR,AVG,Rp,1
PVNR,AVG,R,1
PVNR,AVJL,Sp,4
PVNR,AVJL,Rp,1
PVNR,AVJR,Sp,1
PVNR,AVL,Sp,2
PVNR,BDUL,Sp,1
PVNR,BDUL,Rp,2
PVNR,BDUR,Sp,2
PVNR,BDUR,S,2
PVNR,BDUR,Rp,1
PVNR,DD3,S,1
PVNR,HSNR,Sp,1
PVNR,HSNR,Rp,1
PVNR,HSNR,R,1
PVNR,HSNR,EJ,1
PVNR,NMJ,NMJ,2
PVNR,NMJ,NMJ,1
PVNR,PDA,Rp,1
PVNR,PQR,Sp,2
PVNR,PVCL,S,1
PVNR,PVNL,Sp,1
PVNR,PVNL,Rp,5
PVNR,PVT,Sp,2
PVNR,PVWL,Sp,2
PVNR,VA11,Rp,2
PVNR,VC2,Sp,1
PVNR,VC2,S,1
PVNR,VC3,Sp,1
PVNR,VC3,R,1
PVNR,VD12,Sp,1
PVNR,VD6,S,1
PVNR,VD7,S,1
PVPL,ADAL,Sp,1
PVPL,AQR,Sp,1
PVPL,AQR,Rp,1
PVPL,AQR,EJ,7
PVPL,AVAL,Sp,1
PVPL,AVAL,S,1
PVPL,AVAL,EJ,1
PVPL,AVAR,Sp,1
PVPL,AVAR,S,1
PVPL,AVBL,Sp,3
PVPL,AVBL,S,2
PVPL,AVBR,Sp,6
PVPL,AVDR,Sp,2
PVPL,AVER,Sp,1
PVPL,AVHR,Sp,1
PVPL,AVHR,Rp,3
PVPL,AVKL,EJ,1
PVPL,AVKR,EJ,6
PVPL,DVB,Rp,1
PVPL,DVB,R,1
PVPL,DVC,EJ,2
PVPL,PHAR,EJ,3
PVPL,PQR,EJ,4
PVPL,PVCR,Sp,2
PVPL,PVCR,S,1
PVPL,PVPR,EJ,1
PVPL,PVT,EJ,1
PVPL,RIFL,Rp,3
PVPL,RIGL,S,2
PVPL,RIR,Rp,1
PVPL,VD13,EJ,2
PVPL,VD3,EJ,1
PVPR,ADFR,Sp,1
PVPR,ADFR,Rp,1
PVPR,AQR,Sp,2
PVPR,AQR,EJ,9
PVPR,ASHR,Sp,1
PVPR,ASHR,Rp,1
PVPR,AVAL,Sp,1
PVPR,AVAR,Sp,2
PVPR,AVBL,Sp,4
PVPR,AVBR,Sp,5
PVPR,AVG,Rp,1
PVPR,AVHL,Sp,3
PVPR,AVHL,Rp,2
PVPR,AVKL,EJ,1
PVPR,AVL,Sp,3
PVPR,AVL,S,1
PVPR,AVL,R,1
PVPR,DD2,Sp,1
PVPR,DVC,Sp,1
PVPR,DVC,S,1
PVPR,DVC,EJ,13
PVPR,PVCL,Sp,4
PVPR,PVCR,Sp,6
PVPR,PVCR,S,1
PVPR,PVPL,EJ,1
PVPR,PVQR,Sp,1
PVPR,RIAR,S,2
PVPR,RIFR,Rp,4
PVPR,RIGR,Sp,1
PVPR,RIMR,Sp,1
PVPR,RMGR,Sp,1
PVPR,VC3,R,1
PVPR,VD4,EJ,1
PVPR,VD5,EJ,1
PVQL,ADAL,EJ,1
PVQL,AIAL,Sp,3
PVQL,AIAL,S,3
PVQL,AIML,R,1
PVQL,ASJL,Sp,1
PVQL,ASJL,Rp,6
PVQL,ASJL,R,8
PVQL,ASKL,Sp,4
PVQL,ASKL,EJ,5
PVQL,AVFL,Rp,1
PVQL,AVFR,Rp,1
PVQL,AVHL,R,1
PVQL,AVKR,R,1
PVQL,HSNL,Sp,2
PVQL,PHAL,Rp,2
PVQL,PHAR,Rp,2
PVQL,PVQR,EJ,2
PVQL,RMGL,Sp,1
PVQR,ADAR,EJ,1
PVQR,AIAR,Sp,4
PVQR,AIAR,S,3
PVQR,ASER,Sp,1
PVQR,ASJR,Rp,4
PVQR,ASJR,R,9
PVQR,ASKR,Sp,4
PVQR,ASKR,EJ,4
PVQR,AVBL,Sp,1
PVQR,AVFL,Rp,1
PVQR,AVFL,EJ,1
PVQR,AVFR,Sp,1
PVQR,AVG,Rp,1
PVQR,AVHL,Rp,2
PVQR,AVJR,R,1
PVQR,AVL,Sp,1
PVQR,AWAR,Sp,2
PVQR,DD1,Sp,1
PVQR,DVC,Sp,1
PVQR,HSNR,S,1
PVQR,HSNR,Rp,1
PVQR,PVNL,EJ,1
PVQR,PVPR,Rp,1
PVQR,PVQL,EJ,2
PVQR,PVT,Sp,1
PVQR,RIFR,Sp,1
PVQR,VC2,R,1
PVQR,VC3,R,4
PVQR,VD1,Sp,1
PVR,ADAL,Sp,1
PVR,ADER,Rp,1
PVR,ALML,EJ,1
PVR,AS6,S,1
PVR,AVBL,Sp,4
PVR,AVBR,Sp,4
PVR,AVJL,Sp,2
PVR,AVJL,S,1
PVR,AVJR,Sp,2
PVR,AVKL,S,1
PVR,AVM,Rp,3
PVR,DA9,S,1
PVR,DB2,S,1
PVR,DB3,S,1
PVR,DVA,Sp,1
PVR,DVA,Rp,2
PVR,DVA,R,1
PVR,DVA,EJ,2
PVR,IL1DL,Sp,1
PVR,IL1DL,R,1
PVR,IL1DR,Sp,1
PVR,IL1VL,Sp,1
PVR,IL1VR,Sp,1
PVR,LUAL,EJ,1
PVR,LUAR,R,1
PVR,LUAR,EJ,1
PVR,PDEL,Sp,1
PVR,PDEL,Rp,2
PVR,PDER,Sp,1
PVR,PLMR,EJ,2
PVR,PVCR,S,1
PVR,PVCR,Rp,1
PVR,PVM,Rp,1
PVR,RIPL,Sp,3
PVR,RIPR,Sp,3
PVR,SABD,Sp,1
PVR,SMDVL,R,1
PVR,URADL,Sp,1
PVT,AIBL,Sp,2
PVT,AIBL,EJ,1
PVT,AIBR,Sp,4
PVT,AIBR,EJ,1
PVT,AVEL,Rp,1
PVT,AVG,R,1
PVT,AVKL,Sp,5
PVT,AVKL,S,2
PVT,AVKL,EJ,2
PVT,AVKR,Sp,7
PVT,AVL,Sp,2
PVT,DVC,S,2
PVT,DVC,Rp,1
PVT,PVNL,R,1
PVT,PVNR,Rp,2
PVT,PVPL,EJ,1
PVT,PVQR,Rp,1
PVT,PVWL,Rp,2
PVT,PVWR,R,1
PVT,RIBL,EJ,1
PVT,RIBR,EJ,1
PVT,RIGL,Sp,2
PVT,RIGR,Sp,3
PVT,RIH,S,1
PVT,RMEV,Sp,1
PVT,RMFL,Sp,2
PVT,RMFL,Rp,1
PVT,RMFR,Sp,2
PVT,RMFR,S,1
PVT,SMBDR,Sp,1
PVT,VA9,R,1
PVT,VB10,Rp,1
PVT,VC1,R,2
PVT,VC2,R,2
PVT,VC5,R,1
PVWL,AVJL,Sp,1
PVWL,AVL,Rp,1
PVWL,LUAL,Rp,1
PVWL,LUAR,Rp,1
PVWL,PVCR,EJ,2
PVWL,PVNL,Rp,1
PVWL,PVNR,Rp,2
PVWL,PVT,Sp,2
PVWL,PVWR,Sp,1
PVWL,VA12,Sp,1
PVWR,AVAR,Sp,1
PVWR,AVDR,Sp,1
PVWR,PVCR,Sp,1
PVWR,PVCR,Rp,1
PVWR,PVCR,EJ,1
PVWR,PVT,S,1
PVWR,PVWL,Rp,1
PVWR,VA12,Sp,1
RIAL,ADEL,Rp,1
RIAL,ADFL,Rp,12
RIAL,ADFL,R,3
RIAL,AIBR,Rp,1
RIAL,AIYL,Rp,6
RIAL,AIYL,R,1
RIAL,AIZL,Rp,5
RIAL,AIZL,R,3
RIAL,AQR,Rp,2
RIAL,AQR,R,1
RIAL,ASHL,Rp,4
RIAL,AUAL,Rp,5
RIAL,AWBL,Rp,2
RIAL,AWBL,R,1
RIAL,AWCL,Rp,1
RIAL,AWCL,R,2
RIAL,BAGR,Rp,3
RIAL,BAGR,R,2
RIAL,CEPVL,Sp,1
RIAL,DVA,R,1
RIAL,IL2VL,Rp,1
RIAL,RIAR,Sp,1
RIAL,RIAR,Rp,4
RIAL,RIBL,Rp,2
RIAL,RIBL,R,1
RIAL,RIH,Rp,10
RIAL,RIH,R,1
RIAL,RIR,Rp,4
RIAL,RIR,R,1
RIAL,RIVL,Sp,2
RIAL,RIVL,Rp,1
RIAL,RIVR,Sp,3
RIAL,RIVR,S,1
RIAL,RIVR,Rp,2
RIAL,RMDDL,Sp,10
RIAL,RMDDL,S,2
RIAL,RMDDR,Sp,7
RIAL,RMDL,Sp,2
RIAL,RMDL,S,4
RIAL,RMDL,Rp,4
RIAL,RMDR,Sp,2
RIAL,RMDR,S,4
RIAL,RMDR,Rp,3
RIAL,RMDVL,Sp,8
RIAL,RMDVL,S,1
RIAL,RMDVR,Sp,9
RIAL,RMDVR,S,2
RIAL,SIADL,Sp,2
RIAL,SMDDL,Sp,5
RIAL,SMDDL,S,3
RIAL,SMDDL,Rp,1
RIAL,SMDDR,Sp,7
RIAL,SMDDR,S,3
RIAL,SMDDR,Rp,2
RIAL,SMDVL,Sp,5
RIAL,SMDVL,S,1
RIAL,SMDVL,Rp,3
RIAL,SMDVR,Sp,10
RIAL,SMDVR,S,1
RIAL,SMDVR,Rp,7
RIAL,URXL,Rp,7
RIAL,URXL,R,1
RIAL,URYVL,Rp,1
RIAR,ADFR,Rp,15
RIAR,ADFR,R,1
RIAR,AIYR,Rp,6
RIAR,AIZR,Rp,3
RIAR,AIZR,R,4
RIAR,AQR,Rp,1
RIAR,AQR,R,1
RIAR,ASEL,R,1
RIAR,ASHR,Rp,2
RIAR,AUAR,Rp,5
RIAR,AUAR,R,1
RIAR,AWBR,Rp,1
RIAR,BAGL,Rp,3
RIAR,BAGL,R,2
RIAR,CEPVR,Sp,1
RIAR,DVA,Rp,1
RIAR,DVA,R,1
RIAR,IL1R,Sp,1
RIAR,IL2VR,Rp,2
RIAR,PVPR,R,2
RIAR,RIAL,Sp,4
RIAR,RIAL,Rp,1
RIAR,RIBR,Rp,2
RIAR,RIH,Rp,8
RIAR,RIR,Rp,1
RIAR,RIVL,Sp,1
RIAR,RIVL,R,1
RIAR,RIVR,Rp,1
RIAR,RIVR,R,1
RIAR,RMDDL,Sp,9
RIAR,RMDDL,S,1
RIAR,RMDDR,Sp,10
RIAR,RMDDR,S,1
RIAR,RMDL,Sp,1
RIAR,RMDL,S,2
RIAR,RMDL,Rp,3
RIAR,RMDR,Sp,7
RIAR,RMDR,S,1
RIAR,RMDR,Rp,4
RIAR,RMDR,R,3
RIAR,RMDVL,Sp,12
RIAR,RMDVR,Sp,9
RIAR,RMDVR,S,1
RIAR,SAADR,Sp,1
RIAR,SIADL,Sp,1
RIAR,SIADR,Sp,1
RIAR,SIAVL,Sp,1
RIAR,SMDDL,Sp,5
RIAR,SMDDL,S,2
RIAR,SMDDL,Rp,1
RIAR,SMDDL,R,1
RIAR,SMDDR,Sp,6
RIAR,SMDDR,S,1
RIAR,SMDDR,R,1
RIAR,SMDVL,Sp,11
RIAR,SMDVL,S,2
RIAR,SMDVL,Rp,8
RIAR,SMDVR,Sp,6
RIAR,SMDVR,S,1
RIAR,SMDVR,Rp,5
RIAR,URXR,Rp,3
RIAR,URYVR,Rp,1
RIBL,AIBR,Sp,2
RIBL,AIBR,Rp,4
RIBL,AINL,R,1
RIBL,AINR,Rp,2
RIBL,AIYL,Rp,4
RIBL,ASIL,Rp,1
RIBL,AUAL,Sp,1
RIBL,AUAL,Rp,7
RIBL,AUAL,R,2
RIBL,AVAL,Sp,1
RIBL,AVAL,S,1
RIBL,AVBL,EJ,1
RIBL,AVBR,Sp,1
RIBL,AVBR,EJ,1
RIBL,AVDR,Sp,1
RIBL,AVEL,Sp,1
RIBL,AVEL,S,1
RIBL,AVER,Sp,2
RIBL,AVER,S,3
RIBL,BAGL,R,1
RIBL,BAGR,Sp,1
RIBL,BAGR,Rp,3
RIBL,BAGR,R,1
RIBL,CEPDL,Rp,2
RIBL,DVC,Rp,1
RIBL,IL2DL,Rp,1
RIBL,OLLL,Rp,8
RIBL,OLQDL,EJ,2
RIBL,OLQVL,EJ,1
RIBL,PVT,EJ,1
RIBL,RIAL,Sp,2
RIBL,RIAL,S,1
RIBL,RIBL,EJ,1
RIBL,RIBR,EJ,3
RIBL,RIGL,R,1
RIBL,RIGL,EJ,1
RIBL,RIH,Rp,5
RIBL,RIML,R,1
RIBL,RIS,Rp,3
RIBL,RMED,Rp,1
RIBL,SIADL,EJ,1
RIBL,SIAVL,EJ,1
RIBL,SIBDL,EJ,1
RIBL,SIBVL,EJ,1
RIBL,SIBVR,EJ,1
RIBL,SMBDL,EJ,1
RIBL,SMDDL,EJ,1
RIBL,SMDVR,Sp,2
RIBL,SMDVR,EJ,2
RIBL,URYDL,Rp,1
RIBL,URYVL,Rp,2
RIBR,AIBL,Sp,1
RIBR,AIBL,S,1
RIBR,AIBL,Rp,3
RIBR,AIBL,R,1
RIBR,AINL,Rp,2
RIBR,AIYR,Rp,2
RIBR,AIZR,S,1
RIBR,AUAR,Rp,9
RIBR,AUAR,R,4
RIBR,AVAR,S,2
RIBR,AVBL,EJ,1
RIBR,AVBR,EJ,1
RIBR,AVEL,Sp,1
RIBR,AVEL,S,2
RIBR,AVER,Sp,1
RIBR,AVER,S,1
RIBR,BAGL,Sp,1
RIBR,BAGL,S,1
RIBR,BAGL,Rp,6
RIBR,BAGL,R,1
RIBR,CEPDR,Rp,1
RIBR,DVC,Rp,1
RIBR,OLLR,Rp,8
RIBR,OLLR,R,2
RIBR,OLQDR,EJ,2
RIBR,OLQVR,EJ,1
RIBR,PVT,EJ,1
RIBR,RIAR,Sp,2
RIBR,RIBL,EJ,3
RIBR,RIBR,EJ,1
RIBR,RIGR,S,1
RIBR,RIGR,R,1
RIBR,RIGR,EJ,1
RIBR,RIH,Sp,1
RIBR,RIH,Rp,4
RIBR,RIMR,Rp,1
RIBR,RIS,Rp,5
RIBR,RMED,Rp,1
RIBR,SIADR,EJ,1
RIBR,SIAVR,EJ,1
RIBR,SIBDR,EJ,1
RIBR,SIBVR,EJ,1
RIBR,SMBDR,EJ,1
RIBR,SMDDL,Sp,1
RIBR,SMDDL,EJ,1
RIBR,SMDDR,EJ,1
RIBR,SMDVL,EJ,2
RIBR,URYDR,Rp,1
RIBR,URYVR,Rp,1
RICL,ADAL,Rp,1
RICL,ADAL,R,1
RICL,ADAR,Sp,1
RICL,ADAR,Rp,1
RICL,ADLR,Rp,1
RICL,ASHL,EJ,2
RICL,AVAL,Sp,5
RICL,AVAR,Sp,6
RICL,AVKL,EJ,1
RICL,AVKR,Sp,1
RICL,AVKR,EJ,1
RICL,AWBR,EJ,1
RICL,CEPDL,Rp,1
RICL,CEPDL,R,1
RICL,CEPDR,Rp,4
RICL,CEPVL,Rp,6
RICL,CEPVL,R,1
RICL,CEPVR,Rp,2
RICL,IL2L,Rp,1
RICL,OLQDR,R,1
RICL,OLQVL,R,1
RICL,RIML,Sp,1
RICL,RIMR,Sp,2
RICL,RIMR,S,1
RICL,RIVR,S,1
RICL,RMFR,Sp,1
RICL,SMBDL,Sp,2
RICL,SMDDL,Sp,3
RICL,SMDDR,Sp,3
RICL,SMDVR,Sp,1
RICL,URXL,R,1
RICR,ADAL,Rp,1
RICR,ADAR,Sp,1
RICR,ADLR,Rp,1
RICR,ASHR,EJ,2
RICR,AVAL,Sp,5
RICR,AVAR,Sp,5
RICR,AVKL,EJ,1
RICR,CEPDL,Rp,2
RICR,CEPDL,R,2
RICR,CEPDR,Rp,3
RICR,CEPVL,Rp,4
RICR,CEPVR,Rp,2
RICR,CEPVR,R,2
RICR,IL2DR,Rp,1
RICR,OLQDL,R,1
RICR,OLQDR,Rp,1
RICR,OLQVR,R,1
RICR,SDQL,Rp,1
RICR,SDQR,Rp,1
RICR,SMBDR,Sp,1
RICR,SMDDL,Sp,4
RICR,SMDDR,Sp,3
RICR,SMDVL,Sp,2
RICR,SMDVR,Sp,1
RICR,URBL,R,1
RICR,URBR,R,1
RID,AINR,Rp,1
RID,ALA,EJ,1
RID,AS2,Sp,1
RID,AVBL,EJ,1
RID,AVBR,EJ,2
RID,AVM,Rp,1
RID,DA6,Sp,2
RID,DA6,S,1
RID,DA9,EJ,1
RID,DB1,EJ,1
RID,DD1,Sp,1
RID,DD1,S,3
RID,DD2,Sp,1
RID,DD2,S,3
RID,DD3,Sp,2
RID,DD3,S,1
RID,NMJ,NMJ,2
RID,NMJ,NMJ,1
RID,PDB,EJ,2
RID,PVCL,Rp,4
RID,PVCL,R,1
RID,PVCR,Rp,3
RID,PVCR,R,2
RID,RMGL,Rp,1
RID,VD13,S,1
RID,VD5,Sp,1
RID,VD5,S,1
RIFL,ADEL,Rp,1
RIFL,AIAL,Rp,1
RIFL,AIBL,Rp,1
RIFL,AIML,Rp,1
RIFL,ALML,Sp,2
RIFL,AVBL,Sp,10
RIFL,AVBR,Sp,1
RIFL,AVG,EJ,1
RIFL,AVHR,Sp,1
RIFL,AVJR,Sp,2
RIFL,HSNL,Rp,3
RIFL,PVNL,Rp,1
RIFL,PVPL,Sp,3
RIFL,RIML,Sp,4
RIFL,VD1,EJ,1
RIFR,AIAR,Rp,2
RIFR,AIMR,Rp,1
RIFR,ASHR,Sp,2
RIFR,ASKR,Rp,1
RIFR,AVBL,Sp,1
RIFR,AVBR,Sp,14
RIFR,AVBR,S,3
RIFR,AVFL,Sp,1
RIFR,AVG,EJ,1
RIFR,AVHL,Sp,1
RIFR,AVJL,Sp,1
RIFR,AVJL,Rp,1
RIFR,AVJR,Sp,2
RIFR,AWAR,Rp,2
RIFR,HSNR,Sp,1
RIFR,HSNR,Rp,3
RIFR,HSNR,R,1
RIFR,PVCL,Sp,1
RIFR,PVCR,Sp,1
RIFR,PVPR,Sp,4
RIFR,PVQR,Rp,1
RIFR,RIMR,Sp,4
RIFR,RIPR,Sp,1
RIGL,ADEL,Rp,3
RIGL,ADEL,R,2
RIGL,ADER,Rp,3
RIGL,ADER,R,4
RIGL,ADFL,Rp,1
RIGL,AIBR,EJ,3
RIGL,AIZL,R,1
RIGL,AIZR,Sp,1
RIGL,ALNL,Sp,1
RIGL,AQR,EJ,2
RIGL,AVAR,Rp,1
RIGL,AVEL,Sp,1
RIGL,AVEL,S,1
RIGL,AVER,Sp,1
RIGL,AVHR,Rp,1
RIGL,AVKL,EJ,1
RIGL,AVKR,Sp,2
RIGL,BAGL,R,1
RIGL,BAGR,Sp,1
RIGL,BAGR,Rp,3
RIGL,BAGR,R,2
RIGL,BAGR,EJ,1
RIGL,DVC,Sp,1
RIGL,DVC,Rp,4
RIGL,DVC,R,1
RIGL,OLLL,EJ,1
RIGL,OLQDL,EJ,1
RIGL,OLQVL,EJ,1
RIGL,PVPL,R,2
RIGL,PVT,Rp,2
RIGL,RIBL,S,1
RIGL,RIBL,EJ,1
RIGL,RIGR,EJ,3
RIGL,RIR,S,2
RIGL,RIR,Rp,1
RIGL,RMEL,EJ,1
RIGL,RMFL,Sp,1
RIGL,RMHR,Sp,3
RIGL,URXL,Rp,1
RIGL,URXL,R,2
RIGL,URYDL,EJ,1
RIGL,URYVL,EJ,1
RIGL,VB2,EJ,1
RIGL,VD1,EJ,2
RIGR,ADEL,Rp,3
RIGR,ADEL,R,3
RIGR,ADER,Rp,4
RIGR,ADFR,Rp,2
RIGR,ADFR,R,1
RIGR,AIBL,Rp,1
RIGR,AIBL,EJ,3
RIGR,ALNR,Sp,1
RIGR,AQR,EJ,1
RIGR,AVER,S,2
RIGR,AVKL,Sp,4
RIGR,AVKR,Sp,1
RIGR,AVKR,EJ,1
RIGR,AWAR,R,1
RIGR,BAGL,Rp,1
RIGR,BAGL,R,3
RIGR,BAGL,EJ,1
RIGR,DVC,Rp,5
RIGR,OLLR,EJ,1
RIGR,OLQDR,EJ,1
RIGR,OLQVR,EJ,1
RIGR,PVPR,Rp,1
RIGR,PVT,Rp,3
RIGR,RIBR,S,1
RIGR,RIBR,R,1
RIGR,RIBR,EJ,1
RIGR,RIGL,EJ,3
RIGR,RIR,S,1
RIGR,RMFL,R,1
RIGR,RMHL,Sp,4
RIGR,URXR,R,2
RIGR,URYDR,EJ,1
RIGR,URYVR,EJ,1
RIH,ADEL,Rp,2
RIH,ADER,Rp,1
RIH,ADFR,Sp,1
RIH,AIZL,Sp,4
RIH,AIZR,Sp,4
RIH,AUAR,Sp,1
RIH,BAGR,Sp,1
RIH,CEPDL,S,1
RIH,CEPDL,EJ,1
RIH,CEPDR,S,1
RIH,CEPDR,EJ,1
RIH,CEPVL,S,1
RIH,CEPVL,EJ,1
RIH,CEPVR,Sp,1
RIH,CEPVR,S,1
RIH,CEPVR,EJ,1
RIH,FLPL,EJ,1
RIH,IL1DL,Rp,1
RIH,IL2L,Sp,2
RIH,IL2L,Rp,7
RIH,IL2R,Sp,1
RIH,IL2R,Rp,6
RIH,IL2VL,Rp,2
RIH,IL2VR,Rp,2
RIH,IL2VR,R,1
RIH,OLQDL,Sp,2
RIH,OLQDL,S,2
RIH,OLQDR,Sp,2
RIH,OLQDR,EJ,1
RIH,OLQVL,Sp,1
RIH,OLQVL,Rp,1
RIH,OLQVR,Sp,6
RIH,OLQVR,Rp,2
RIH,PVT,R,1
RIH,RIAL,Sp,10
RIH,RIAL,S,1
RIH,RIAR,Sp,8
RIH,RIBL,Sp,5
RIH,RIBR,Sp,4
RIH,RIBR,Rp,1
RIH,RIPL,Sp,1
RIH,RIPL,S,4
RIH,RIPR,Sp,3
RIH,RIPR,S,3
RIH,RMER,Sp,2
RIH,RMEV,Sp,1
RIH,URYVL,Rp,1
RIH,URYVR,Sp,1
RIML,ADAL,Rp,3
RIML,AIBL,Rp,2
RIML,AIBR,Rp,12
RIML,AIBR,R,4
RIML,AIBR,EJ,1
RIML,AIYL,EJ,1
RIML,AIZL,Rp,4
RIML,ASHL,Rp,1
RIML,AVAL,Sp,1
RIML,AVAR,EJ,2
RIML,AVBL,Sp,2
RIML,AVBR,Sp,3
RIML,AVEL,EJ,2
RIML,AVER,EJ,3
RIML,AVKL,Rp,2
RIML,AVKR,Rp,2
RIML,HSNL,Rp,2
RIML,NMJ,NMJ,3
RIML,NMJ,NMJ,1
RIML,RIBL,S,1
RIML,RICL,Rp,1
RIML,RIFL,Rp,4
RIML,RIS,Rp,1
RIML,RIS,EJ,1
RIML,RMDL,Sp,1
RIML,RMDR,Sp,1
RIML,RMFR,Sp,1
RIML,SAADL,Rp,2
RIML,SAADL,R,1
RIML,SAADR,S,1
RIML,SAADR,Rp,3
RIML,SAADR,R,1
RIML,SAAVL,Sp,3
RIML,SAAVL,Rp,2
RIML,SAAVR,S,2
RIML,SAAVR,Rp,5
RIML,SMDDR,Sp,4
RIML,SMDDR,S,1
RIML,SMDVL,Sp,1
RIML,VB1,Rp,2
RIMR,ADAR,Sp,1
RIMR,ADAR,Rp,5
RIMR,AIBL,Sp,4
RIMR,AIBL,Rp,12
RIMR,AIBL,R,1
RIMR,AIBL,EJ,1
RIMR,AIBR,Rp,1
RIMR,AIYR,EJ,1
RIMR,AIZR,Rp,3
RIMR,AIZR,R,1
RIMR,AVAL,Sp,2
RIMR,AVAL,EJ,3
RIMR,AVAR,EJ,1
RIMR,AVBL,Sp,2
RIMR,AVBR,Sp,4
RIMR,AVBR,S,1
RIMR,AVEL,EJ,3
RIMR,AVER,EJ,2
RIMR,AVHL,Rp,1
RIMR,AVJL,Sp,1
RIMR,AVKL,Sp,1
RIMR,AVKL,Rp,1
RIMR,AVKR,Rp,2
RIMR,DVA,Rp,1
RIMR,NMJ,NMJ,3
RIMR,NMJ,NMJ,1
RIMR,PVPR,Rp,1
RIMR,RIBR,Sp,1
RIMR,RICL,Rp,2
RIMR,RICL,R,1
RIMR,RIFR,Rp,4
RIMR,RIS,Sp,1
RIMR,RIS,Rp,3
RIMR,RIS,R,1
RIMR,RIS,EJ,1
RIMR,RMDL,Sp,1
RIMR,RMDL,S,2
RIMR,RMDR,Sp,1
RIMR,RMDR,R,2
RIMR,RMFL,Sp,1
RIMR,RMFR,Sp,1
RIMR,SAADL,Rp,5
RIMR,SAADL,R,1
RIMR,SAADR,Rp,3
RIMR,SAADR,R,2
RIMR,SAAVL,Sp,2
RIMR,SAAVL,S,1
RIMR,SAAVL,Rp,12
RIMR,SAAVR,Sp,3
RIMR,SAAVR,Rp,2
RIMR,SMDDL,Sp,2
RIMR,SMDDR,Sp,4
RIPL,ADAL,Rp,1
RIPL,ADLL,Rp,1
RIPL,ASHL,Rp,1
RIPL,CEPDL,Rp,2
RIPL,CEPVL,Rp,1
RIPL,IL1DL,Rp,2
RIPL,IL1VL,Rp,4
RIPL,IL2DL,Rp,10
RIPL,IL2VL,Rp,11
RIPL,OLQDL,S,1
RIPL,OLQDR,S,1
RIPL,OLQVL,Rp,1
RIPL,PVR,Rp,3
RIPL,RIH,Rp,1
RIPL,RIH,R,4
RIPL,RMED,EJ,1
RIPL,URADL,Rp,3
RIPL,URAVL,Rp,3
RIPR,ADAR,Rp,1
RIPR,CEPVR,Rp,1
RIPR,IL1DR,Rp,5
RIPR,IL1VR,Rp,5
RIPR,IL1VR,R,1
RIPR,IL2DR,Rp,11
RIPR,IL2VR,Rp,14
RIPR,IL2VR,R,1
RIPR,OLQDL,S,1
RIPR,OLQDR,S,1
RIPR,OLQVR,Rp,2
RIPR,PVR,Rp,3
RIPR,RIFR,Rp,1
RIPR,RIH,Rp,3
RIPR,RIH,R,3
RIPR,RMED,EJ,1
RIPR,URADR,Rp,3
RIPR,URAVR,Rp,3
RIPR,URXR,Rp,3
RIR,ADFL,Rp,2
RIR,ADFR,Rp,3
RIR,AFDR,Sp,1
RIR,AIZL,Sp,3
RIR,AIZL,S,3
RIR,AIZR,Sp,1
RIR,AIZR,S,4
RIR,AUAL,Sp,1
RIR,AVHL,Rp,3
RIR,AVHR,Rp,3
RIR,AVHR,R,1
RIR,AWAR,Rp,2
RIR,AWBR,Sp,1
RIR,AWBR,Rp,2
RIR,BAGL,EJ,1
RIR,BAGR,Sp,1
RIR,BAGR,EJ,1
RIR,DVA,Sp,2
RIR,DVA,Rp,3
RIR,HSNL,Sp,1
RIR,PVPL,Sp,1
RIR,RIAL,Sp,4
RIR,RIAL,S,1
RIR,RIAR,Sp,1
RIR,RIGL,Sp,1
RIR,RIGL,R,2
RIR,RIGR,R,1
RIR,RMGR,Rp,1
RIR,URXL,Sp,5
RIR,URXR,Sp,1
RIR,URXR,S,1
RIS,AIBR,EJ,1
RIS,AVEL,Sp,7
RIS,AVER,Sp,7
RIS,AVJL,Rp,1
RIS,AVJL,EJ,1
RIS,AVKL,S,1
RIS,AVKR,Sp,4
RIS,AVL,Sp,2
RIS,CEPDL,Rp,1
RIS,CEPDR,Sp,1
RIS,CEPDR,Rp,1
RIS,CEPVL,Sp,2
RIS,CEPVR,Sp,1
RIS,DB1,EJ,1
RIS,OLLR,Sp,1
RIS,PVCL,R,2
RIS,RIBL,Sp,3
RIS,RIBR,Sp,5
RIS,RIML,Sp,1
RIS,RIML,EJ,1
RIS,RIMR,Sp,3
RIS,RIMR,S,1
RIS,RIMR,Rp,1
RIS,RIMR,EJ,1
RIS,RMDDL,Sp,1
RIS,RMDL,Sp,2
RIS,RMDR,Sp,3
RIS,RMDR,S,1
RIS,RMDR,Rp,1
RIS,SDQL,Rp,1
RIS,SDQL,R,2
RIS,SMDDL,EJ,1
RIS,SMDDR,Sp,2
RIS,SMDDR,EJ,1
RIS,SMDVL,EJ,1
RIS,SMDVR,Sp,1
RIS,URYVL,Rp,1
RIS,URYVR,Sp,1
RIVL,ADEL,Rp,1
RIVL,AIBL,EJ,1
RIVL,CEPVR,Rp,1
RIVL,NMJ,NMJ,4
RIVL,RIAL,Sp,1
RIVL,RIAL,Rp,2
RIVL,RIAR,S,1
RIVL,RIAR,Rp,1
RIVL,RIVR,EJ,2
RIVL,RMDL,Sp,2
RIVL,SAADR,S,3
RIVL,SDQR,EJ,2
RIVL,SIAVR,Sp,2
RIVL,SMDDR,Sp,1
RIVL,SMDVL,Rp,1
RIVL,SMDVL,EJ,1
RIVR,ADAR,Rp,1
RIVR,ADEL,Rp,1
RIVR,AIBR,EJ,1
RIVR,NMJ,NMJ,3
RIVR,NMJ,NMJ,2
RIVR,RIAL,Sp,2
RIVR,RIAL,Rp,3
RIVR,RIAL,R,1
RIVR,RIAR,Sp,1
RIVR,RIAR,S,1
RIVR,RICL,R,1
RIVR,RIVL,EJ,2
RIVR,RMDDL,Sp,1
RIVR,RMDR,Sp,1
RIVR,RMDVR,Sp,1
RIVR,RMEV,S,1
RIVR,SAADL,S,2
RIVR,SDQR,EJ,2
RIVR,SIAVL,Sp,2
RIVR,SMDDL,Sp,2
RIVR,SMDVR,Sp,2
RIVR,SMDVR,Rp,1
RIVR,SMDVR,EJ,2
RMDDL,ALMR,Rp,1
RMDDL,CEPDR,Rp,1
RMDDL,CEPVL,Rp,4
RMDDL,IL1L,Rp,5
RMDDL,IL1R,Rp,3
RMDDL,IL1VL,Rp,5
RMDDL,NMJ,NMJ,1
RMDDL,NMJ,NMJ,7
RMDDL,OLLL,Rp,7
RMDDL,OLQDR,Rp,2
RMDDL,OLQDR,R,1
RMDDL,OLQVL,EJ,1
RMDDL,RIAL,Rp,10
RMDDL,RIAL,R,2
RMDDL,RIAR,Rp,9
RMDDL,RIAR,R,1
RMDDL,RIS,Rp,1
RMDDL,RIVR,Rp,1
RMDDL,RMDL,EJ,1
RMDDL,RMDR,R,1
RMDDL,RMDVL,EJ,1
RMDDL,RMDVR,Sp,7
RMDDL,RMDVR,Rp,3
RMDDL,RMDVR,R,1
RMDDL,SMDDL,EJ,1
RMDDL,SMDVR,Rp,1
RMDDL,SMDVR,R,1
RMDDL,URYDR,Rp,3
RMDDL,URYVL,Rp,4
RMDDR,ALML,R,1
RMDDR,CEPVR,Rp,2
RMDDR,IL1DL,Rp,1
RMDDR,IL1R,Rp,2
RMDDR,IL1VR,Rp,10
RMDDR,NMJ,NMJ,10
RMDDR,OLLR,Rp,10
RMDDR,OLQDL,Rp,3
RMDDR,OLQDL,R,1
RMDDR,OLQVR,EJ,1
RMDDR,RIAL,Rp,7
RMDDR,RIAR,Rp,10
RMDDR,RIAR,R,1
RMDDR,RMDL,R,1
RMDDR,RMDVL,Sp,11
RMDDR,RMDVL,S,1
RMDDR,RMDVL,Rp,6
RMDDR,RMDVR,EJ,1
RMDDR,SAADR,EJ,1
RMDDR,SMDDR,EJ,1
RMDDR,SMDVL,Rp,1
RMDDR,URBL,Rp,1
RMDDR,URYDL,Sp,1
RMDDR,URYDL,Rp,3
RMDDR,URYDL,R,1
RMDDR,URYVR,Rp,6
RMDL,ADEL,Rp,2
RMDL,ADEL,R,2
RMDL,IL1L,Rp,1
RMDL,IL1R,Rp,3
RMDL,IL1R,R,1
RMDL,IL2L,Rp,2
RMDL,IL2L,R,1
RMDL,IL2R,Rp,1
RMDL,IL2R,R,1
RMDL,NMJ,NMJ,9
RMDL,NMJ,NMJ,2
RMDL,OLLL,R,2
RMDL,OLLR,Sp,2
RMDL,OLLR,R,3
RMDL,RIAL,Sp,4
RMDL,RIAL,Rp,2
RMDL,RIAL,R,4
RMDL,RIAR,Sp,3
RMDL,RIAR,Rp,1
RMDL,RIAR,R,2
RMDL,RIML,Rp,1
RMDL,RIMR,Rp,1
RMDL,RIMR,R,2
RMDL,RIS,Rp,2
RMDL,RIVL,Rp,2
RMDL,RMDDL,EJ,1
RMDL,RMDDR,S,1
RMDL,RMDR,Sp,3
RMDL,RMDR,Rp,1
RMDL,RMDVL,EJ,1
RMDL,RMER,Sp,1
RMDL,RMFL,Sp,1
RMDL,RMFR,Rp,2
RMDL,RMGL,Rp,1
RMDL,RMGR,Rp,4
RMDL,URBR,Rp,1
RMDR,ADER,Rp,2
RMDR,ALA,Rp,1
RMDR,AVKL,Sp,1
RMDR,AVKR,R,1
RMDR,IL1L,Rp,3
RMDR,IL1R,Rp,2
RMDR,IL2L,Rp,1
RMDR,NMJ,NMJ,3
RMDR,NMJ,NMJ,1
RMDR,RIAL,Sp,3
RMDR,RIAL,Rp,2
RMDR,RIAL,R,4
RMDR,RIAR,Sp,4
RMDR,RIAR,S,3
RMDR,RIAR,Rp,7
RMDR,RIAR,R,1
RMDR,RIML,Rp,1
RMDR,RIMR,S,2
RMDR,RIMR,Rp,1
RMDR,RIS,Sp,1
RMDR,RIS,Rp,3
RMDR,RIS,R,1
RMDR,RIVR,Rp,1
RMDR,RMDDL,S,1
RMDR,RMDL,Sp,1
RMDR,RMDL,Rp,3
RMDR,RMDVR,EJ,1
RMDR,RMFL,Rp,3
RMDR,RMGL,Rp,2
RMDR,RMGL,R,1
RMDR,RMGR,Rp,2
RMDR,RMHL,Rp,1
RMDR,URBR,Rp,1
RMDR,URXR,Rp,1
RMDVL,AVER,EJ,1
RMDVL,CEPDL,Rp,2
RMDVL,CEPDL,R,1
RMDVL,IL1DL,Rp,4
RMDVL,IL1L,Rp,4
RMDVL,IL1R,Rp,1
RMDVL,NMJ,NMJ,3
RMDVL,NMJ,NMJ,6
RMDVL,OLLL,Rp,1
RMDVL,OLQDL,EJ,1
RMDVL,OLQVR,Rp,4
RMDVL,RIAL,Rp,8
RMDVL,RIAL,R,1
RMDVL,RIAR,Rp,12
RMDVL,RMDDL,EJ,1
RMDVL,RMDDR,Sp,6
RMDVL,RMDDR,Rp,11
RMDVL,RMDDR,R,1
RMDVL,RMDL,EJ,1
RMDVL,RMDVR,EJ,1
RMDVL,RMGL,Rp,3
RMDVL,SAAVL,EJ,1
RMDVL,SMDVL,EJ,1
RMDVL,URAVR,Rp,1
RMDVL,URYDL,Rp,4
RMDVL,URYDL,R,2
RMDVL,URYVR,Rp,3
RMDVL,URYVR,R,1
RMDVR,AVEL,EJ,1
RMDVR,AVER,EJ,1
RMDVR,CEPDR,Rp,2
RMDVR,IL1DR,Rp,5
RMDVR,IL1L,Rp,2
RMDVR,IL1R,Rp,4
RMDVR,NMJ,NMJ,6
RMDVR,NMJ,NMJ,3
RMDVR,OLLR,Rp,3
RMDVR,OLQDR,EJ,1
RMDVR,OLQVL,Rp,3
RMDVR,OLQVL,R,1
RMDVR,RIAL,Rp,9
RMDVR,RIAL,R,2
RMDVR,RIAR,Rp,9
RMDVR,RIAR,R,1
RMDVR,RIVR,Rp,1
RMDVR,RMDDL,Sp,3
RMDVR,RMDDL,S,1
RMDVR,RMDDL,Rp,7
RMDVR,RMDDR,EJ,1
RMDVR,RMDR,EJ,1
RMDVR,RMDVL,EJ,1
RMDVR,RMGR,Rp,5
RMDVR,SAAVR,EJ,1
RMDVR,SIBDR,Sp,1
RMDVR,SIBVR,Sp,1
RMDVR,SMDVR,EJ,1
RMDVR,URADR,Rp,1
RMDVR,URYDR,Rp,4
RMDVR,URYDR,R,1
RMDVR,URYVL,Rp,2
RMED,IL1VL,EJ,1
RMED,IL2DR,Rp,1
RMED,NMJ,NMJ,10
RMED,RIBL,Sp,1
RMED,RIBR,Sp,1
RMED,RIPL,EJ,1
RMED,RIPR,EJ,1
RMED,RMEV,EJ,2
RMED,SMBDL,Rp,3
RMED,SMBDR,Rp,4
RMED,URADR,Rp,1
RMEL,IL1R,Rp,2
RMEL,IL2DL,Rp,4
RMEL,IL2DR,Rp,2
RMEL,IL2R,Rp,2
RMEL,IL2VL,Rp,1
RMEL,IL2VL,R,1
RMEL,IL2VR,Rp,3
RMEL,NMJ,NMJ,12
RMEL,OLLL,Rp,2
RMEL,RIGL,EJ,1
RMEL,RMEV,EJ,1
RMEL,URADL,Rp,1
RMEL,URAVL,Rp,1
RMER,IL1L,Rp,1
RMER,IL1VR,Rp,1
RMER,IL2DL,Rp,3
RMER,IL2DR,Rp,2
RMER,IL2L,Rp,2
RMER,IL2VL,Rp,4
RMER,IL2VR,Rp,2
RMER,NMJ,NMJ,15
RMER,OLLR,Rp,2
RMER,OLQVR,Rp,1
RMER,RIH,Rp,2
RMER,RMDL,Rp,1
RMER,RMEV,EJ,1
RMER,RMHR,Rp,1
RMER,URADR,Rp,1
RMER,URAVL,Rp,1
RMER,URAVR,Rp,2
RMEV,AVEL,EJ,1
RMEV,AVER,EJ,1
RMEV,IL1DL,EJ,1
RMEV,IL1DR,EJ,1
RMEV,IL2DR,Rp,1
RMEV,IL2L,Rp,2
RMEV,IL2R,Rp,1
RMEV,IL2VL,Rp,1
RMEV,IL2VR,Rp,3
RMEV,NMJ,NMJ,5
RMEV,PVT,Rp,1
RMEV,RIH,Rp,1
RMEV,RIVR,R,1
RMEV,RMED,EJ,2
RMEV,RMEL,EJ,1
RMEV,RMER,EJ,1
RMEV,SMBVL,Rp,4
RMEV,SMBVL,R,1
RMEV,SMBVR,Rp,3
RMEV,SMDDR,S,1
RMEV,URAVL,Rp,2
RMEV,URAVR,Rp,2
RMFL,AVKL,Sp,4
RMFL,AVKR,Sp,4
RMFL,AVKR,Rp,1
RMFL,DVC,Rp,2
RMFL,NMJ,NMJ,2
RMFL,NMJ,NMJ,1
RMFL,PVT,Sp,1
RMFL,PVT,Rp,2
RMFL,RIGL,Rp,1
RMFL,RIGR,S,1
RMFL,RIMR,Rp,1
RMFL,RMDL,Rp,1
RMFL,RMDR,Sp,3
RMFL,RMGR,Sp,1
RMFL,SAADR,Rp,1
RMFL,SDQL,Rp,1
RMFL,URBR,EJ,1
RMFL,VB1,Rp,2
RMFR,AVKL,Sp,3
RMFR,AVKL,Rp,1
RMFR,AVKR,Sp,3
RMFR,DVC,Rp,4
RMFR,PVT,Rp,2
RMFR,PVT,R,1
RMFR,RICL,Rp,1
RMFR,RIML,Rp,1
RMFR,RIMR,Rp,1
RMFR,RMDL,Sp,2
RMFR,SAAVL,Rp,2
RMGL,ADAL,Sp,1
RMGL,ADEL,R,1
RMGL,ADLL,EJ,1
RMGL,AIAL,R,1
RMGL,AIBR,S,1
RMGL,ALML,Sp,1
RMGL,ALML,Rp,1
RMGL,ALNL,Sp,1
RMGL,ASHL,Sp,1
RMGL,ASHL,EJ,1
RMGL,ASKL,EJ,1
RMGL,AVAL,Sp,1
RMGL,AVBR,Sp,2
RMGL,AVEL,Sp,2
RMGL,AWBL,EJ,1
RMGL,CEPDL,Sp,1
RMGL,CEPDL,Rp,3
RMGL,CEPDL,R,1
RMGL,IL2L,EJ,1
RMGL,NMJ,NMJ,3
RMGL,NMJ,NMJ,1
RMGL,PVQL,Rp,1
RMGL,RID,Sp,1
RMGL,RMDL,Sp,1
RMGL,RMDR,Sp,2
RMGL,RMDR,S,1
RMGL,RMDVL,Sp,3
RMGL,RMHL,EJ,3
RMGL,RMHR,Sp,1
RMGL,RMHR,Rp,1
RMGL,SAADR,R,1
RMGL,SIAVL,Sp,1
RMGL,SIBVL,Sp,2
RMGL,SIBVR,Sp,1
RMGL,SMBVL,Sp,1
RMGL,SMBVL,S,1
RMGL,URXL,Sp,1
RMGL,URXL,R,2
RMGL,URXL,EJ,1
RMGR,ADAR,Sp,1
RMGR,AIMR,Sp,1
RMGR,AIMR,Rp,1
RMGR,AIMR,R,1
RMGR,ALNR,Sp,1
RMGR,ASHR,Sp,1
RMGR,ASHR,Rp,2
RMGR,ASHR,EJ,1
RMGR,ASKR,EJ,1
RMGR,AVAR,Sp,1
RMGR,AVBR,Sp,1
RMGR,AVDL,Sp,1
RMGR,AVER,Sp,3
RMGR,AVJL,Sp,1
RMGR,AWBR,EJ,1
RMGR,CEPDR,R,1
RMGR,HSNR,Rp,1
RMGR,IL2R,EJ,1
RMGR,NMJ,NMJ,3
RMGR,PVPR,Rp,1
RMGR,RIR,Sp,1
RMGR,RMDL,Sp,4
RMGR,RMDR,Sp,2
RMGR,RMDVR,Sp,5
RMGR,RMFL,Rp,1
RMGR,RMHR,EJ,1
RMGR,SAADL,R,1
RMGR,URXR,Sp,1
RMGR,URXR,R,1
RMGR,URXR,EJ,1
RMHL,ADEL,Rp,1
RMHL,CEPDR,Rp,4
RMHL,CEPVL,Rp,1
RMHL,IL1R,Rp,1
RMHL,NMJ,NMJ,7
RMHL,NMJ,NMJ,1
RMHL,RIGR,Rp,4
RMHL,RMDR,Sp,1
RMHL,RMGL,EJ,3
RMHL,SDQR,Rp,2
RMHL,SIBVR,EJ,1
RMHR,ALNR,Rp,1
RMHR,CEPDL,Rp,3
RMHR,CEPDL,R,1
RMHR,CEPDR,Rp,1
RMHR,CEPVR,Rp,2
RMHR,NMJ,NMJ,5
RMHR,NMJ,NMJ,2
RMHR,OLQDR,Rp,1
RMHR,RIGL,Rp,3
RMHR,RMER,Sp,1
RMHR,RMGL,Sp,1
RMHR,RMGL,Rp,1
RMHR,RMGR,EJ,1
RMHR,SDQR,Rp,1
SAADL,AIBL,Sp,1
SAADL,AIBL,Rp,2
SAADL,AIBR,Rp,1
SAADL,AVAL,Sp,6
SAADL,AVKR,Rp,1
SAADL,BDUL,Rp,1
SAADL,PLNL,Rp,5
SAADL,RIML,Sp,2
SAADL,RIML,S,1
SAADL,RIMR,Sp,5
SAADL,RIMR,S,1
SAADL,RIVR,R,2
SAADL,RMGR,S,1
SAADL,SMBDL,EJ,1
SAADL,SMBVL,R,3
SAADL,VB1,Rp,2
SAADL,VB1,R,7
SAADR,AIBL,Rp,2
SAADR,AIBR,S,1
SAADR,AVAR,Sp,3
SAADR,AVKL,R,1
SAADR,DVA,Rp,1
SAADR,OLLL,S,1
SAADR,PLNR,Rp,4
SAADR,RIAR,Rp,1
SAADR,RIML,Sp,3
SAADR,RIML,S,1
SAADR,RIML,R,1
SAADR,RIMR,Sp,3
SAADR,RIMR,S,2
SAADR,RIVL,R,3
SAADR,RMDDR,EJ,1
SAADR,RMFL,Sp,1
SAADR,RMGL,S,1
SAADR,SMBVR,R,4
SAADR,VB1,Rp,2
SAADR,VB1,R,2
SAAVL,AIBL,Sp,1
SAAVL,ALNL,Sp,1
SAAVL,ALNL,Rp,3
SAAVL,AVAL,Sp,16
SAAVL,AVAL,S,1
SAAVL,DVA,Rp,1
SAAVL,OLLR,Sp,1
SAAVL,RIML,Sp,2
SAAVL,RIML,Rp,3
SAAVL,RIMR,Sp,12
SAAVL,RIMR,Rp,2
SAAVL,RIMR,R,1
SAAVL,RMDVL,EJ,1
SAAVL,RMFR,Sp,2
SAAVL,SMBDR,R,3
SAAVL,SMBVR,EJ,3
SAAVL,SMDDR,Sp,8
SAAVR,ADER,R,1
SAAVR,ALNR,Rp,2
SAAVR,AVAR,Sp,9
SAAVR,AVAR,S,4
SAAVR,DVA,Rp,1
SAAVR,RIML,Sp,5
SAAVR,RIML,R,2
SAAVR,RIMR,Sp,2
SAAVR,RIMR,Rp,3
SAAVR,RMDVR,EJ,1
SAAVR,SMBDL,Rp,1
SAAVR,SMBDL,R,1
SAAVR,SMBVL,EJ,2
SAAVR,SMDDL,Sp,6
SABD,AVAL,EJ,4
SABD,AVAR,Rp,1
SABD,AVDL,Rp,1
SABD,AVDL,R,1
SABD,AVDR,Rp,1
SABD,AVEL,Rp,6
SABD,AVER,Rp,2
SABD,AVL,Rp,5
SABD,DVA,Rp,1
SABD,HSNR,R,1
SABD,PVR,Rp,1
SABD,VA2,S,1
SABD,VA2,EJ,3
SABD,VA3,EJ,2
SABD,VA4,EJ,1
SABD,VB1,R,1
SABVL,AVAR,Rp,2
SABVL,AVAR,R,1
SABVL,AVAR,EJ,3
SABVL,AVDL,Rp,1
SABVL,AVDR,Rp,3
SABVL,AVEL,Rp,7
SABVL,AVER,Rp,3
SABVL,AVJR,Rp,1
SABVL,AVL,Rp,4
SABVL,DA1,EJ,2
SABVL,DA2,EJ,1
SABVL,HSNL,Rp,2
SABVR,AVAL,EJ,1
SABVR,AVAR,EJ,1
SABVR,AVDL,Rp,1
SABVR,AVDR,Rp,1
SABVR,AVEL,Rp,3
SABVR,AVER,Rp,3
SABVR,AVL,Rp,3
SABVR,DA1,EJ,3
SABVR,HSNR,Rp,1
SDQL,AIBR,Sp,1
SDQL,ALML,Sp,1
SDQL,ALML,Rp,1
SDQL,AVAL,Sp,1
SDQL,AVAL,S,1
SDQL,AVAR,Sp,3
SDQL,AVEL,Sp,1
SDQL,BDUR,Rp,1
SDQL,FLPL,Sp,1
SDQL,RICR,Sp,1
SDQL,RIS,Sp,1
SDQL,RIS,S,2
SDQL,RMFL,Sp,1
SDQL,SDQR,EJ,1
SDQR,ADLL,Sp,1
SDQR,AIBL,Sp,2
SDQR,AVAL,Sp,2
SDQR,AVAL,EJ,1
SDQR,AVBL,Sp,4
SDQR,AVBL,S,2
SDQR,AVBL,EJ,1
SDQR,AVBR,Sp,4
SDQR,DVA,Sp,3
SDQR,RICR,Sp,1
SDQR,RIVL,EJ,2
SDQR,RIVR,EJ,2
SDQR,RMHL,Sp,2
SDQR,RMHR,Sp,1
SDQR,SDQL,EJ,1
SDQR,SIBVL,EJ,1
SIADL,ALMR,Rp,1
SIADL,CEPDR,R,1
SIADL,RIAL,Rp,2
SIADL,RIAR,Rp,1
SIADL,RIBL,EJ,1
SIADR,ADEL,Rp,1
SIADR,CEPDL,Rp,1
SIADR,CEPDL,R,1
SIADR,RIAR,Rp,1
SIADR,RIBR,EJ,1
SIAVL,CEPVL,Rp,1
SIAVL,CEPVL,R,1
SIAVL,RIAR,Rp,1
SIAVL,RIBL,EJ,1
SIAVL,RIVR,Rp,2
SIAVL,RMGL,Rp,1
SIAVL,URBL,Rp,1
SIAVR,AVKL,Rp,1
SIAVR,CEPVR,Rp,2
SIAVR,RIBR,EJ,1
SIAVR,RIVL,Rp,2
SIAVR,URBR,Rp,2
SIAVR,URXR,Rp,1
SIBDL,OLQVL,Rp,3
SIBDL,RIBL,EJ,1
SIBDL,SIBVL,EJ,1
SIBDR,ADEL,Rp,1
SIBDR,AIML,EJ,1
SIBDR,OLQVR,Rp,4
SIBDR,RIBR,EJ,1
SIBDR,RMDVR,Rp,1
SIBDR,SIBVR,EJ,1
SIBDR,URYVR,Rp,1
SIBVL,AVBL,EJ,1
SIBVL,AVBR,EJ,1
SIBVL,AVM,Rp,1
SIBVL,OLQDL,Rp,3
SIBVL,PVCL,Rp,2
SIBVL,RIBL,EJ,1
SIBVL,RMGL,Rp,2
SIBVL,SDQR,EJ,1
SIBVL,SIBDL,EJ,1
SIBVL,URYVR,Rp,1
SIBVR,OLQDR,Rp,2
SIBVR,PVCR,Rp,2
SIBVR,RIBL,EJ,1
SIBVR,RIBR,EJ,1
SIBVR,RMDVR,Rp,1
SIBVR,RMGL,Rp,1
SIBVR,RMHL,EJ,1
SIBVR,SIBDR,EJ,1
SIBVR,URYVL,Rp,1
SMBDL,AIZL,Rp,8
SMBDL,AIZL,R,1
SMBDL,ALNR,Rp,2
SMBDL,AVAR,Sp,1
SMBDL,AVHR,Rp,1
SMBDL,AVKL,EJ,1
SMBDL,AVKR,R,1
SMBDL,AVKR,EJ,1
SMBDL,AWBL,Rp,1
SMBDL,DVA,Rp,3
SMBDL,NMJ,NMJ,3
SMBDL,NMJ,NMJ,5
SMBDL,RIBL,EJ,1
SMBDL,RICL,Rp,2
SMBDL,RMED,Sp,3
SMBDL,SAADL,EJ,1
SMBDL,SAAVR,Sp,1
SMBDL,SAAVR,S,1
SMBDL,URBR,Rp,1
SMBDR,ADEL,Rp,1
SMBDR,ADFR,Rp,1
SMBDR,AIZR,Rp,5
SMBDR,ALNL,Rp,2
SMBDR,ALNL,EJ,1
SMBDR,AVAL,Sp,1
SMBDR,AVHL,Rp,1
SMBDR,AVKL,EJ,1
SMBDR,AVKR,EJ,2
SMBDR,CEPDL,Rp,1
SMBDR,CEPDR,Rp,1
SMBDR,DVA,Rp,2
SMBDR,NMJ,NMJ,3
SMBDR,NMJ,NMJ,7
SMBDR,PVT,Rp,1
SMBDR,RIBR,EJ,1
SMBDR,RICR,Rp,1
SMBDR,RMED,Sp,4
SMBDR,SAAVL,S,3
SMBDR,URBL,Rp,1
SMBVL,ADFL,Rp,2
SMBVL,AIML,R,1
SMBVL,AIZL,Rp,7
SMBVL,AVHR,Rp,1
SMBVL,DVA,Rp,3
SMBVL,NMJ,NMJ,3
SMBVL,NMJ,NMJ,3
SMBVL,PLNL,Sp,1
SMBVL,PLNL,Rp,5
SMBVL,PLNL,R,1
SMBVL,RMEV,Sp,4
SMBVL,RMEV,S,1
SMBVL,RMGL,Rp,1
SMBVL,RMGL,R,1
SMBVL,SAADL,S,3
SMBVL,SAAVR,EJ,2
SMBVR,ADFR,Rp,2
SMBVR,AIZR,Rp,3
SMBVR,AVHL,Rp,2
SMBVR,AVKL,EJ,1
SMBVR,AVKR,EJ,1
SMBVR,AWBR,Rp,1
SMBVR,DVA,Rp,2
SMBVR,NMJ,NMJ,3
SMBVR,NMJ,NMJ,3
SMBVR,PLNR,Rp,4
SMBVR,PLNR,R,2
SMBVR,RMEV,Sp,3
SMBVR,SAADR,S,4
SMBVR,SAAVL,EJ,3
SMDDL,AIBR,Rp,2
SMDDL,AIBR,R,1
SMDDL,AVKR,Rp,1
SMDDL,NMJ,NMJ,4
SMDDL,NMJ,NMJ,1
SMDDL,OLLL,Rp,1
SMDDL,OLLL,R,2
SMDDL,RIAL,Sp,1
SMDDL,RIAL,Rp,5
SMDDL,RIAL,R,3
SMDDL,RIAR,Sp,1
SMDDL,RIAR,S,1
SMDDL,RIAR,Rp,5
SMDDL,RIAR,R,2
SMDDL,RIBL,EJ,1
SMDDL,RIBR,Rp,1
SMDDL,RIBR,EJ,1
SMDDL,RICL,Rp,3
SMDDL,RICR,Rp,4
SMDDL,RIMR,Rp,2
SMDDL,RIS,EJ,1
SMDDL,RIVR,Rp,2
SMDDL,RMDDL,EJ,1
SMDDL,SAAVR,Rp,6
SMDDL,SMDVR,Sp,2
SMDDL,SMDVR,Rp,2
SMDDL,URYDL,Rp,1
SMDDL,URYDR,Rp,1
SMDDL,URYDR,R,3
SMDDR,AIBL,Rp,4
SMDDR,AIZR,Rp,1
SMDDR,ALNR,Rp,1
SMDDR,AVKL,Rp,1
SMDDR,AVKR,Rp,2
SMDDR,NMJ,NMJ,3
SMDDR,OLLL,Rp,1
SMDDR,OLLL,R,3
SMDDR,OLLR,R,1
SMDDR,RIAL,Sp,2
SMDDR,RIAL,Rp,7
SMDDR,RIAL,R,3
SMDDR,RIAR,S,1
SMDDR,RIAR,Rp,6
SMDDR,RIAR,R,1
SMDDR,RIBR,EJ,1
SMDDR,RICL,Rp,3
SMDDR,RICR,Rp,3
SMDDR,RIML,Rp,4
SMDDR,RIML,R,1
SMDDR,RIMR,Rp,4
SMDDR,RIS,Rp,2
SMDDR,RIS,EJ,1
SMDDR,RIVL,Rp,1
SMDDR,RMDDR,EJ,1
SMDDR,RMEV,R,1
SMDDR,SAAVL,Rp,8
SMDDR,SMDVL,Rp,4
SMDDR,URYDL,Rp,1
SMDDR,URYDL,R,1
SMDDR,VD1,EJ,1
SMDVL,ADAR,R,2
SMDVL,AIBR,Rp,1
SMDVL,ALNL,Rp,1
SMDVL,ALNR,R,1
SMDVL,NMJ,NMJ,3
SMDVL,OLLR,R,4
SMDVL,PVR,S,1
SMDVL,RIAL,Sp,3
SMDVL,RIAL,Rp,5
SMDVL,RIAL,R,1
SMDVL,RIAR,Sp,8
SMDVL,RIAR,Rp,11
SMDVL,RIAR,R,2
SMDVL,RIBR,EJ,2
SMDVL,RICR,Rp,2
SMDVL,RIML,Rp,1
SMDVL,RIS,EJ,1
SMDVL,RIVL,Sp,1
SMDVL,RIVL,EJ,1
SMDVL,RMDDR,Sp,1
SMDVL,RMDVL,EJ,1
SMDVL,SMDDR,Sp,4
SMDVL,SMDVR,EJ,1
SMDVL,URYVR,Rp,3
SMDVR,ADAL,R,2
SMDVR,NMJ,NMJ,3
SMDVR,NMJ,NMJ,1
SMDVR,OLLL,R,4
SMDVR,OLLR,R,3
SMDVR,RIAL,Sp,7
SMDVR,RIAL,Rp,10
SMDVR,RIAL,R,1
SMDVR,RIAR,Sp,5
SMDVR,RIAR,Rp,6
SMDVR,RIAR,R,1
SMDVR,RIBL,Rp,2
SMDVR,RIBL,EJ,2
SMDVR,RICL,Rp,1
SMDVR,RICR,Rp,1
SMDVR,RIS,Rp,1
SMDVR,RIVR,Sp,1
SMDVR,RIVR,Rp,2
SMDVR,RIVR,EJ,2
SMDVR,RMDDL,Sp,1
SMDVR,RMDDL,S,1
SMDVR,RMDVR,EJ,1
SMDVR,SMDDL,Sp,2
SMDVR,SMDDL,Rp,2
SMDVR,SMDVL,EJ,1
SMDVR,URYVL,Rp,3
SMDVR,URYVL,R,1
SMDVR,VB1,EJ,1
URADL,BDUL,Rp,1
URADL,CEPDL,Rp,2
URADL,IL1DL,Sp,2
URADL,IL2DL,Rp,2
URADL,IL2DL,R,1
URADL,NMJ,NMJ,1
URADL,NMJ,NMJ,5
URADL,PVR,Rp,1
URADL,RIPL,Sp,3
URADL,RMEL,Sp,1
URADR,BDUR,Rp,1
URADR,CEPDR,Rp,1
URADR,IL1DR,Sp,1
URADR,IL2DR,Rp,3
URADR,NMJ,NMJ,2
URADR,NMJ,NMJ,5
URADR,RIPR,Sp,3
URADR,RMDVR,Sp,1
URADR,RMED,Sp,1
URADR,RMER,Sp,1
URADR,URYDR,Sp,1
URAVL,CEPVL,Rp,2
URAVL,IL2VL,Rp,3
URAVL,NMJ,NMJ,6
URAVL,NMJ,NMJ,3
URAVL,RIPL,Sp,3
URAVL,RMEL,Sp,1
URAVL,RMER,Sp,1
URAVL,RMEV,Sp,2
URAVR,CEPVR,Rp,1
URAVR,IL1R,Sp,1
URAVR,IL2VR,Rp,4
URAVR,NMJ,NMJ,1
URAVR,NMJ,NMJ,7
URAVR,RIPR,Sp,3
URAVR,RMDVL,Sp,1
URAVR,RMER,Sp,2
URAVR,RMEV,Sp,2
URBL,ADEL,Rp,1
URBL,AVBL,S,1
URBL,CEPDL,S,1
URBL,CEPDL,Rp,4
URBL,IL1L,Sp,1
URBL,OLQDL,EJ,1
URBL,OLQVL,EJ,1
URBL,RICR,S,1
URBL,RMDDR,Sp,1
URBL,SIAVL,Sp,1
URBL,SMBDR,Sp,1
URBL,URXL,Sp,2
URBL,URXL,S,2
URBL,VC5,R,3
URBR,ADAR,Sp,1
URBR,AVBR,Sp,1
URBR,CEPDR,S,1
URBR,CEPDR,Rp,2
URBR,IL1R,Sp,3
URBR,IL2R,S,1
URBR,IL2R,R,1
URBR,OLQDR,EJ,1
URBR,OLQVR,EJ,1
URBR,RICR,S,1
URBR,RMDL,Sp,1
URBR,RMDR,Sp,1
URBR,RMFL,EJ,1
URBR,SIAVR,Sp,2
URBR,SMBDL,Sp,1
URBR,URXR,Sp,4
URBR,URXR,S,2
URXL,AQR,Rp,1
URXL,ASHL,Sp,1
URXL,AUAL,Sp,4
URXL,AUAL,S,1
URXL,AVBL,Sp,1
URXL,AVEL,Sp,1
URXL,AVEL,S,3
URXL,AVJR,Sp,1
URXL,IL2L,Rp,2
URXL,RIAL,Sp,7
URXL,RIAL,S,1
URXL,RICL,S,1
URXL,RIGL,Sp,1
URXL,RIGL,S,2
URXL,RIR,Rp,5
URXL,RMGL,S,2
URXL,RMGL,Rp,1
URXL,RMGL,EJ,1
URXL,URBL,Rp,2
URXL,URBL,R,2
URXR,ADFR,R,1
URXR,AUAR,Sp,3
URXR,AUAR,S,1
URXR,AUAR,R,1
URXR,AVBL,Sp,1
URXR,AVBR,Sp,2
URXR,AVER,S,2
URXR,IL1R,Rp,2
URXR,IL2R,EJ,1
URXR,IL2VR,Rp,1
URXR,OLQVR,Sp,1
URXR,RIAR,Sp,3
URXR,RIGR,S,2
URXR,RIPR,Sp,3
URXR,RIR,Rp,1
URXR,RIR,R,1
URXR,RMDR,Sp,1
URXR,RMGR,S,1
URXR,RMGR,Rp,1
URXR,RMGR,EJ,1
URXR,SIAVR,Sp,1
URXR,URBR,Rp,4
URXR,URBR,R,2
URYDL,AVAL,EJ,1
URYDL,AVER,Sp,2
URYDL,CEPDL,Rp,2
URYDL,IL1DL,Rp,1
URYDL,OLLL,Rp,1
URYDL,RIBL,Sp,1
URYDL,RIGL,EJ,1
URYDL,RMDDR,Sp,3
URYDL,RMDDR,S,1
URYDL,RMDDR,Rp,1
URYDL,RMDVL,Sp,4
URYDL,RMDVL,S,2
URYDL,SMDDL,Sp,1
URYDL,SMDDR,Sp,1
URYDL,SMDDR,S,1
URYDR,AVAR,EJ,1
URYDR,AVEL,Sp,2
URYDR,AVER,Sp,2
URYDR,CEPDR,Rp,1
URYDR,RIBR,Sp,1
URYDR,RIGR,EJ,1
URYDR,RMDDL,Sp,3
URYDR,RMDVR,Sp,4
URYDR,RMDVR,S,1
URYDR,SMDDL,Sp,1
URYDR,SMDDL,S,3
URYDR,URADR,Rp,1
URYVL,AVAR,EJ,1
URYVL,AVBR,Sp,1
URYVL,AVER,Sp,5
URYVL,IL1VL,Sp,1
URYVL,IL1VL,Rp,1
URYVL,RIAL,Sp,1
URYVL,RIBL,Sp,2
URYVL,RIGL,EJ,1
URYVL,RIH,Sp,1
URYVL,RIS,Sp,1
URYVL,RMDDL,Sp,4
URYVL,RMDVR,Sp,2
URYVL,SIBVR,Sp,1
URYVL,SMDVR,Sp,3
URYVL,SMDVR,S,1
URYVR,AVAL,Sp,1
URYVR,AVAL,EJ,1
URYVR,AVEL,Sp,6
URYVR,IL1VR,Sp,1
URYVR,RIAR,Sp,1
URYVR,RIBR,Sp,1
URYVR,RIGR,EJ,1
URYVR,RIH,Rp,1
URYVR,RIS,Rp,1
URYVR,RMDDR,Sp,6
URYVR,RMDVL,Sp,3
URYVR,RMDVL,S,1
URYVR,SIBDR,Sp,1
URYVR,SIBVL,Sp,1
URYVR,SMDVL,Sp,3
VA1,AVAL,EJ,3
VA1,AVEL,Rp,5
VA1,AVER,Rp,1
VA1,AVM,Rp,2
VA1,DA2,EJ,2
VA1,DD1,S,9
VA1,NMJ,NMJ,11
VA1,VB1,Rp,3
VA1,VD1,S,2
VA1,VD1,Rp,2
VA10,AVAL,Rp,5
VA10,AVAL,EJ,1
VA10,AVAR,Rp,4
VA10,AVAR,EJ,1
VA10,AVBL,R,1
VA11,AVAL,Rp,6
VA11,AVAL,EJ,1
VA11,AVAR,Rp,8
VA11,AVAR,EJ,7
VA11,AVDR,Rp,1
VA11,AVG,R,1
VA11,DD6,S,10
VA11,NMJ,NMJ,18
VA11,PVNR,S,2
VA11,VA12,Rp,1
VA11,VB10,S,1
VA11,VD11,R,1
VA11,VD12,S,4
VA11,VD12,Rp,3
VA12,AS11,S,2
VA12,AVAL,Rp,2
VA12,AVAR,EJ,1
VA12,DA8,S,3
VA12,DA9,S,5
VA12,DB7,S,4
VA12,DD6,S,2
VA12,DVA,Rp,1
VA12,LUAL,S,2
VA12,NMJ,NMJ,14
VA12,PHBL,Rp,1
VA12,PHBR,Rp,2
VA12,PHCL,Rp,2
VA12,PHCL,EJ,1
VA12,PHCR,Rp,1
VA12,PHCR,EJ,1
VA12,PVCL,S,2
VA12,PVCR,S,3
VA12,PVWL,Rp,1
VA12,PVWR,Rp,1
VA12,VA11,S,1
VA12,VB11,Rp,1
VA12,VB11,EJ,1
VA12,VD12,S,3
VA12,VD12,Rp,2
VA12,VD13,S,11
VA12,VD13,Rp,1
VA2,AVAL,S,1
VA2,AVAL,Rp,1
VA2,AVAL,EJ,4
VA2,AVAR,Rp,1
VA2,AVAR,R,1
VA2,AVBL,R,1
VA2,AVDR,R,1
VA2,AVER,Rp,1
VA2,DD1,S,13
VA2,DVA,Rp,1
VA2,NMJ,NMJ,19
VA2,SABD,R,1
VA2,SABD,EJ,3
VA2,VA3,S,2
VA2,VB1,S,2
VA2,VB2,Rp,1
VA2,VD1,S,2
VA2,VD1,EJ,1
VA2,VD2,S,8
VA2,VD2,Rp,6
VA2,VD2,EJ,3
VA3,AS1,EJ,1
VA3,AVAL,Rp,2
VA3,AVAL,EJ,1
VA3,AVAR,Rp,4
VA3,AVAR,R,1
VA3,AVAR,EJ,2
VA3,AVDR,R,2
VA3,AVEL,Rp,2
VA3,AVEL,R,1
VA3,AVER,R,2
VA3,DD1,S,18
VA3,DD2,S,11
VA3,NMJ,NMJ,29
VA3,SABD,EJ,2
VA3,VA2,Rp,1
VA3,VA2,R,1
VA3,VA4,S,1
VA3,VB1,Rp,1
VA3,VD2,S,3
VA3,VD3,S,3
VA3,VD3,Rp,2
VA4,AS2,EJ,2
VA4,AVAL,Rp,2
VA4,AVAL,EJ,1
VA4,AVAR,Rp,2
VA4,AVAR,EJ,3
VA4,AVBR,Rp,1
VA4,AVDL,S,1
VA4,AVER,Rp,1
VA4,DA5,EJ,1
VA4,DD2,S,21
VA4,NMJ,NMJ,25
VA4,SABD,EJ,1
VA4,VA3,Rp,1
VA4,VB3,S,2
VA4,VB3,Rp,1
VA4,VD4,S,3
VA5,AS3,EJ,2
VA5,AVAL,Rp,3
VA5,AVAL,EJ,5
VA5,AVAR,Rp,1
VA5,AVAR,EJ,3
VA5,AVDL,Rp,1
VA5,AVDL,R,1
VA5,AVER,R,1
VA5,DA5,EJ,2
VA5,DD2,S,5
VA5,DD3,S,13
VA5,NMJ,NMJ,19
VA5,VD5,S,2
VA5,VD5,Rp,1
VA5,VD5,R,1
VA6,AVAL,Rp,4
VA6,AVAL,EJ,6
VA6,AVAR,Rp,3
VA6,AVAR,EJ,2
VA6,AVDR,Rp,1
VA6,DD3,S,24
VA6,HSNR,Rp,1
VA6,NMJ,NMJ,20
VA6,VB5,S,2
VA6,VD5,S,1
VA6,VD6,S,2
VA6,VD6,R,1
VA7,AS5,EJ,1
VA7,AVAL,EJ,2
VA7,AVAR,EJ,4
VA7,AVBL,R,1
VA7,DD3,S,3
VA7,DD4,S,12
VA7,NMJ,NMJ,27
VA7,VB3,EJ,1
VA7,VD7,S,9
VA8,AS6,EJ,1
VA8,AVAL,Rp,3
VA8,AVAL,R,6
VA8,AVAL,EJ,10
VA8,AVAR,Rp,3
VA8,AVAR,R,9
VA8,AVAR,EJ,4
VA8,AVBR,EJ,1
VA8,DD4,S,21
VA8,NMJ,NMJ,23
VA8,PDER,EJ,1
VA8,PVCR,EJ,2
VA8,VA8,EJ,1
VA8,VA9,S,1
VA8,VB6,S,1
VA8,VB6,Rp,1
VA8,VB8,S,1
VA8,VB8,EJ,3
VA8,VB9,EJ,3
VA8,VD7,S,5
VA8,VD8,S,5
VA8,VD8,Rp,3
VA8,VD8,R,1
VA8,VD8,EJ,1
VA9,AVAL,R,7
VA9,AVAL,EJ,1
VA9,AVAR,Rp,2
VA9,AVAR,R,4
VA9,AVBR,R,1
VA9,AVBR,EJ,1
VA9,DD4,S,3
VA9,DD5,S,15
VA9,DVB,EJ,1
VA9,DVC,EJ,1
VA9,NMJ,NMJ,20
VA9,PDEL,R,1
VA9,PVCR,EJ,1
VA9,PVDR,Rp,1
VA9,PVT,S,1
VA9,VA8,R,1
VA9,VB8,S,6
VA9,VB8,Rp,4
VA9,VB8,R,5
VA9,VB8,EJ,1
VA9,VB9,EJ,4
VA9,VD7,EJ,1
VA9,VD9,S,10
VB1,AIBR,Sp,1
VB1,AIBR,Rp,3
VB1,AVBL,EJ,1
VB1,AVFL,Rp,0
VB1,AVFL,R,1
VB1,AVKL,EJ,4
VB1,DB2,EJ,2
VB1,DD1,Sp,1
VB1,DVA,Sp,1
VB1,DVA,Rp,1
VB1,FLPR,Rp,1
VB1,NMJ,NMJ,5
VB1,RIML,Sp,2
VB1,RMFL,Sp,2
VB1,SAADL,Sp,2
VB1,SAADL,S,7
VB1,SAADR,Sp,2
VB1,SAADR,S,2
VB1,SABD,S,1
VB1,SMDVR,EJ,1
VB1,VA1,S,3
VB1,VA2,Rp,2
VB1,VA3,S,1
VB1,VB2,EJ,4
VB1,VD1,S,3
VB1,VD2,S,1
VB10,AVBL,EJ,2
VB10,AVBR,EJ,1
VB10,AVKL,EJ,1
VB10,DD6,S,9
VB10,NMJ,NMJ,20
VB10,PVCL,R,2
VB10,PVCL,EJ,1
VB10,PVCR,R,1
VB10,PVT,S,1
VB10,VA11,Rp,1
VB10,VD11,S,1
VB10,VD11,R,1
VB10,VD12,S,2
VB10,VD12,Rp,1
VB11,AVBL,EJ,2
VB11,AVBR,EJ,1
VB11,DD6,S,7
VB11,DVA,Rp,2
VB11,NMJ,NMJ,14
VB11,PVCL,Rp,1
VB11,PVCR,S,1
VB11,VA12,S,1
VB11,VA12,EJ,1
VB11,VD12,Rp,1
VB2,AIZL,Rp,1
VB2,AVBL,R,1
VB2,AVBL,EJ,3
VB2,AVBR,EJ,1
VB2,DB4,EJ,1
VB2,DD1,S,20
VB2,DD2,S,1
VB2,NMJ,NMJ,26
VB2,RIGL,EJ,1
VB2,VA2,S,1
VB2,VB1,EJ,4
VB2,VB3,EJ,1
VB2,VB5,EJ,1
VB2,VB7,EJ,2
VB2,VC2,S,1
VB2,VD2,S,9
VB2,VD2,Rp,3
VB2,VD3,S,3
VB2,VD3,Rp,2
VB3,AVBR,EJ,1
VB3,DB1,EJ,1
VB3,DD2,S,37
VB3,NMJ,NMJ,35
VB3,PVCL,Rp,1
VB3,VA4,S,1
VB3,VA4,Rp,1
VB3,VA4,R,1
VB3,VA7,EJ,1
VB3,VB2,EJ,1
VB4,AVBL,EJ,1
VB4,AVBR,EJ,1
VB4,DB1,EJ,1
VB4,DB4,EJ,1
VB4,DD2,S,6
VB4,DD3,S,16
VB4,NMJ,NMJ,20
VB4,PVCL,Rp,1
VB4,PVCR,Rp,1
VB4,PVCR,R,2
VB4,VB5,EJ,1
VB4,VD5,Rp,2
VB5,AVBL,EJ,1
VB5,DD3,S,27
VB5,NMJ,NMJ,22
VB5,PVCL,R,1
VB5,VA6,Rp,2
VB5,VB2,EJ,1
VB5,VB4,EJ,1
VB5,VB6,EJ,1
VB5,VD6,S,7
VB5,VD6,R,2
VB6,AVBL,EJ,1
VB6,AVBR,EJ,2
VB6,DA4,EJ,1
VB6,DD4,S,30
VB6,NMJ,NMJ,28
VB6,PVCL,Rp,2
VB6,PVCR,Rp,1
VB6,PVCR,R,1
VB6,VA8,S,1
VB6,VA8,Rp,1
VB6,VB5,EJ,1
VB6,VB7,S,1
VB6,VD6,S,1
VB6,VD7,S,8
VB7,AVBL,EJ,2
VB7,AVBR,EJ,2
VB7,DD4,S,2
VB7,NMJ,NMJ,2
VB7,PVCR,Rp,3
VB7,VB2,EJ,2
VB7,VB6,R,1
VB8,AVBL,EJ,7
VB8,AVBR,EJ,3
VB8,DD5,S,30
VB8,DD5,R,1
VB8,NMJ,NMJ,32
VB8,PVCL,Rp,1
VB8,PVCR,Rp,1
VB8,VA8,R,1
VB8,VA8,EJ,3
VB8,VA9,S,9
VB8,VA9,Rp,2
VB8,VA9,R,4
VB8,VA9,EJ,1
VB8,VB9,S,3
VB8,VB9,R,1
VB8,VB9,EJ,3
VB8,VD10,S,1
VB8,VD9,S,10
VB9,AVAL,EJ,5
VB9,AVAR,EJ,4
VB9,AVBL,EJ,1
VB9,AVBR,EJ,6
VB9,DD5,S,8
VB9,DVB,EJ,1
VB9,NMJ,NMJ,24
VB9,PVCL,EJ,2
VB9,VA8,EJ,3
VB9,VA9,EJ,4
VB9,VB8,S,1
VB9,VB8,Rp,2
VB9,VB8,R,1
VB9,VB8,EJ,3
VB9,VD10,S,5
VB9,VD10,R,2
VC1,AVL,Sp,2
VC1,DD1,S,7
VC1,DD2,S,6
VC1,DD3,S,6
VC1,DVC,S,1
VC1,NMJ,NMJ,1
VC1,NMJ,NMJ,5
VC1,PVT,S,2
VC1,VC2,S,3
VC1,VC2,Rp,4
VC1,VC2,EJ,6
VC1,VC3,S,1
VC1,VC3,Rp,2
VC1,VC3,EJ,2
VC1,VC4,R,1
VC1,VD1,S,4
VC1,VD1,EJ,1
VC1,VD2,S,1
VC1,VD3,S,1
VC1,VD4,S,2
VC1,VD5,S,5
VC1,VD6,S,1
VC2,DB4,S,1
VC2,DD1,S,6
VC2,DD2,S,4
VC2,DD3,S,9
VC2,DVC,S,1
VC2,HSNR,Rp,2
VC2,HSNR,R,1
VC2,NMJ,NMJ,9
VC2,NMJ,NMJ,1
VC2,PVCR,S,1
VC2,PVNR,Rp,1
VC2,PVNR,R,1
VC2,PVQR,S,1
VC2,PVT,S,2
VC2,VB2,Rp,1
VC2,VC1,S,4
VC2,VC1,Rp,3
VC2,VC1,EJ,6
VC2,VC3,S,4
VC2,VC3,Rp,1
VC2,VC3,EJ,2
VC2,VD1,S,2
VC2,VD2,S,2
VC2,VD4,S,5
VC2,VD5,S,5
VC2,VD6,S,1
VC3,AVBL,R,1
VC3,AVL,Sp,1
VC3,DD1,S,2
VC3,DD2,S,4
VC3,DD3,S,5
VC3,DD4,S,12
VC3,DD4,EJ,1
VC3,DVC,S,1
VC3,HSNR,S,1
VC3,HSNR,R,1
VC3,NMJ,NMJ,3
VC3,NMJ,NMJ,8
VC3,PVNR,S,1
VC3,PVNR,Rp,1
VC3,PVPR,S,1
VC3,PVQR,S,4
VC3,VC1,S,2
VC3,VC1,Rp,1
VC3,VC1,EJ,2
VC3,VC2,S,1
VC3,VC2,Rp,4
VC3,VC2,EJ,2
VC3,VC4,Rp,1
VC3,VC4,R,3
VC3,VC4,EJ,1
VC3,VC5,R,1
VC3,VC5,EJ,2
VC3,VD1,S,1
VC3,VD2,S,1
VC3,VD3,S,1
VC3,VD4,S,2
VC3,VD5,S,4
VC3,VD6,S,4
VC3,VD7,S,5
VC4,AVBL,S,1
VC4,AVFR,EJ,1
VC4,AVHR,S,1
VC4,NMJ,NMJ,4
VC4,NMJ,NMJ,3
VC4,VC1,S,1
VC4,VC3,S,4
VC4,VC3,EJ,1
VC4,VC5,S,1
VC4,VC5,Rp,1
VC4,VC5,EJ,1
VC5,AVFL,S,1
VC5,AVFR,S,1
VC5,DVC,S,2
VC5,HSNL,S,1
VC5,HSNL,R,3
VC5,NMJ,NMJ,2
VC5,OLLR,S,1
VC5,PVT,S,1
VC5,URBL,S,3
VC5,VC3,S,1
VC5,VC3,EJ,2
VC5,VC4,S,1
VC5,VC4,R,1
VC5,VC4,EJ,1
VC6,NMJ,NMJ,1
VD1,AS1,Rp,4
VD1,AS1,R,1
VD1,AVHL,Rp,1
VD1,DA1,Rp,14
VD1,DA1,R,3
VD1,DA2,R,2
VD1,DB1,Rp,10
VD1,DB1,R,11
VD1,DD1,S,1
VD1,DD1,EJ,4
VD1,DVC,EJ,5
VD1,NMJ,NMJ,12
VD1,PVQR,Rp,1
VD1,RIFL,EJ,1
VD1,RIGL,EJ,2
VD1,SMDDR,EJ,1
VD1,VA1,S,2
VD1,VA1,Rp,2
VD1,VA2,Rp,2
VD1,VA2,EJ,1
VD1,VB1,Rp,3
VD1,VC1,Rp,3
VD1,VC1,R,1
VD1,VC1,EJ,1
VD1,VC2,Rp,2
VD1,VC3,Rp,1
VD1,VD2,EJ,7
VD10,AVBR,EJ,1
VD10,DD5,S,1
VD10,DD5,EJ,1
VD10,DVC,EJ,4
VD10,NMJ,NMJ,22
VD10,PVDL,Rp,1
VD10,VB8,R,1
VD10,VB9,S,2
VD10,VB9,Rp,1
VD10,VB9,R,4
VD10,VD9,EJ,5
VD11,AVAR,S,2
VD11,AVFR,R,1
VD11,NMJ,NMJ,11
VD11,PDEL,R,1
VD11,VA11,S,1
VD11,VB10,S,1
VD11,VB10,Rp,1
VD12,AVL,Rp,4
VD12,NMJ,NMJ,13
VD12,PVNR,Rp,1
VD12,VA11,S,3
VD12,VA11,Rp,3
VD12,VA11,R,1
VD12,VA12,S,2
VD12,VA12,Rp,3
VD12,VB10,S,1
VD12,VB10,Rp,2
VD12,VB11,S,1
VD13,AS11,Rp,2
VD13,AVAR,S,2
VD13,AVAR,Rp,2
VD13,DA9,R,1
VD13,DB7,R,2
VD13,NMJ,NMJ,12
VD13,PDA,Rp,3
VD13,PDB,Rp,4
VD13,PVCL,Sp,1
VD13,PVCR,S,1
VD13,PVPL,EJ,2
VD13,RID,R,1
VD13,VA12,S,1
VD13,VA12,Rp,9
VD13,VA12,R,2
VD2,AS1,EJ,1
VD2,AS2,Rp,6
VD2,AS2,R,4
VD2,AS3,Rp,1
VD2,AVEL,Rp,1
VD2,DA1,Rp,1
VD2,DA2,Rp,9
VD2,DA2,R,2
VD2,DB1,Rp,8
VD2,DB1,R,7
VD2,DD1,S,1
VD2,DD1,Rp,1
VD2,DD1,EJ,2
VD2,NMJ,NMJ,22
VD2,VA2,S,6
VD2,VA2,Rp,8
VD2,VA2,EJ,3
VD2,VA3,Rp,3
VD2,VB1,R,1
VD2,VB2,S,3
VD2,VB2,Rp,9
VD2,VC1,R,1
VD2,VC2,Rp,1
VD2,VC2,R,1
VD2,VC3,R,1
VD2,VD1,EJ,7
VD2,VD3,EJ,2
VD3,AS3,Rp,14
VD3,AS3,R,1
VD3,AVBR,R,1
VD3,AVEL,Rp,1
VD3,DA2,Rp,2
VD3,DA2,R,3
VD3,DA3,Rp,24
VD3,DA3,R,1
VD3,DB1,Rp,1
VD3,DB2,Rp,16
VD3,DB2,R,7
VD3,DD2,Rp,1
VD3,NMJ,NMJ,23
VD3,PVPL,EJ,1
VD3,VA3,S,2
VD3,VA3,Rp,3
VD3,VB2,S,2
VD3,VB2,Rp,3
VD3,VC1,Rp,1
VD3,VC3,Rp,1
VD3,VD2,EJ,2
VD3,VD4,EJ,1
VD4,AS4,Rp,8
VD4,AS4,R,3
VD4,DA3,Rp,6
VD4,DA4,Rp,12
VD4,DA6,Rp,2
VD4,DA6,R,2
VD4,DB2,Rp,8
VD4,DB2,R,6
VD4,DB3,Rp,9
VD4,DD2,R,1
VD4,DD2,EJ,2
VD4,HSNR,R,2
VD4,NMJ,NMJ,25
VD4,PVPR,EJ,1
VD4,VA4,Rp,3
VD4,VC1,Rp,2
VD4,VC2,Rp,4
VD4,VC2,R,1
VD4,VC3,Rp,2
VD4,VD3,EJ,1
VD4,VD5,EJ,1
VD5,AS5,Rp,6
VD5,AS5,R,3
VD5,AVAR,S,1
VD5,DA4,Rp,13
VD5,DA4,R,2
VD5,DA5,Rp,1
VD5,DA6,Rp,1
VD5,DA6,R,2
VD5,DB2,Rp,1
VD5,DB3,Rp,23
VD5,DB3,R,3
VD5,NMJ,NMJ,26
VD5,PVPR,EJ,1
VD5,RID,Rp,2
VD5,VA5,S,2
VD5,VA5,Rp,2
VD5,VA6,Rp,1
VD5,VB4,S,2
VD5,VC1,Rp,3
VD5,VC1,R,2
VD5,VC2,Rp,5
VD5,VC3,Rp,1
VD5,VC3,R,3
VD5,VD4,EJ,1
VD5,VD6,EJ,2
VD6,AS6,Rp,10
VD6,AS6,R,3
VD6,AVAL,S,1
VD6,DA5,Rp,12
VD6,DA5,R,4
VD6,DA6,Rp,3
VD6,DB3,Rp,6
VD6,DB3,R,1
VD6,DB4,Rp,6
VD6,DB4,R,7
VD6,NMJ,NMJ,27
VD6,PVNR,R,1
VD6,VA6,S,1
VD6,VA6,Rp,2
VD6,VB5,S,2
VD6,VB5,Rp,6
VD6,VB5,R,1
VD6,VB6,R,1
VD6,VC1,Rp,1
VD6,VC2,R,1
VD6,VC3,Rp,1
VD6,VC3,R,3
VD6,VD5,EJ,2
VD6,VD7,EJ,1
VD7,NMJ,NMJ,24
VD7,PVNR,R,1
VD7,VA7,Rp,9
VD7,VA8,Rp,5
VD7,VA9,EJ,1
VD7,VB6,Rp,8
VD7,VC3,Rp,5
VD7,VD6,EJ,1
VD8,DD4,S,1
VD8,DD4,EJ,1
VD8,NMJ,NMJ,25
VD8,VA8,S,4
VD8,VA8,Rp,2
VD8,VA8,R,3
VD8,VA8,EJ,1
VD9,DD5,R,1
VD9,NMJ,NMJ,28
VD9,PDER,EJ,1
VD9,VA9,Rp,1
VD9,VA9,R,9
VD9,VB8,Rp,5
VD9,VB8,R,5
VD9,VD10,EJ,5